,기준분기코드,상권구분코드명,상권코드,상권코드명,집객시설수,관공서수,은행수,대학교수,백화점수,슈퍼마켓수,의료시설수,교육시설수,여가시설수,교통시설수
0,3,발달상권,2120110,목동역 8번출구,71,,6.0,,,,,,,
1,3,전통시장,2130104,전곡시장,6,,1.0,,,,,,,
2,3,골목상권,2110957,언북중학교,7,,,4.0,,,,,,
3,3,골목상권,2110435,서울과학기술대,2,,,,,,,,,
4,3,골목상권,2110055,황학동벼룩시장,5,,1.0,,,,,,,
5,3,골목상권,2110958,역삼역 4번,4,,,,,,,,,
6,3,골목상권,2111052,암사역 3번(천호동자전거거리),10,1.0,,,,,,,,
7,3,전통시장,2130277,조원동 펭귄시장(신림중앙시장),2,,,,,,,,,
8,3,골목상권,2110797,KT대방빌딩,8,,,,,,,,,
9,3,전통시장,2130296,남부종합시장,1,,,,,1.0,,,,
10,3,골목상권,2110367,강북구청,13,1.0,1.0,,,,,,,
11,3,전통시장,2130133,우이골목시장(우이시장),4,,,,,,,,,
12,3,골목상권,2110332,돌곶이역 3번,2,,,,,,,,,
13,3,골목상권,2110328,상월곡역 3번,5,2.0,,,,,,,,
14,3,전통시장,2130109,묵1동도깨비시장,3,,,,,,,,,
15,3,골목상권,2110233,중랑역 1번,13,,,,,1.0,,,,
16,3,골목상권,2110047,다산성곽길,4,1.0,,,,,,,,
17,3,전통시장,2130008,종오지하쇼핑센터,2,,,,,,,,,
18,3,골목상권,2110008,배화여자대학교(박노수미술관),11,,,1.0,,,,,,
19,3,전통시장,2130017,동대문상가C동,1,,,,,,,,,
20,3,발달상권,2120082,상계백병원,24,1.0,1.0,,,,,,,
21,3,골목상권,2110751,난곡중학교,3,,,,,,,,,
22,3,골목상권,2110133,서울교통공사,2,1.0,,,,,,,,
23,3,골목상권,2110160,광진경찰서,2,1.0,,,,,,,,
24,3,골목상권,2110524,연희세브란스병원,4,,,,,,,,,
25,3,골목상권,2110217,자동차부품상가,1,,,,,,,,,
26,3,전통시장,2130090,청량리종합시장,9,,,,,,,,,
27,3,골목상권,2110417,월계역 3번,3,,,,,,,,,
28,3,골목상권,2110341,북한산우이역 2번,13,,,1.0,,,,,,
29,3,골목상권,2110971,선정릉역 4번,1,,1.0,,,,,,,
30,3,전통시장,2130009,마전교지하쇼핑센터(구 한일상가),2,,,,,1.0,,,,
31,3,골목상권,2110616,양목초등학교,1,,,,,,,,,
32,3,전통시장,2130001,통인시장,2,,1.0,,,,,,,
33,3,골목상권,2111024,경찰병원역 4번(건너말공원),1,,,,,,,,,
34,3,골목상권,2110343,무너미어린이공원,11,,,,,,,,,
35,3,전통시장,2130021,신설종합시장,1,,,,,1.0,,,,
36,3,골목상권,2110894,관악동부센트레빌아파트(은천로35라길),1,,,,,,,,,
37,3,골목상권,2110231,장안교,2,,,,,,,,,
38,3,전통시장,2130028,을지입구지하상가(을지로지하보도쇼핑센터),1,,,,,,,,,
39,3,전통시장,2130039,청계6가 지하도상가,1,,,,,,,,,
40,3,골목상권,2110148,어린이대공원역 3번,1,,,,,,,,,
41,3,전통시장,2130237,박미시장(기능상실),1,1.0,,,,,,,,
42,3,골목상권,2110975,매봉역 1번,12,,,,,,,,,
43,3,전통시장,2130184,마포농수산물시장,5,,,,,1.0,,,,
44,3,골목상권,2110038,경향신문사,6,2.0,,,,,,,,
45,3,골목상권,2110292,정릉역 2번,12,3.0,1.0,,,,,,,
46,3,골목상권,2110442,화랑대철도공원,2,,,,,,,,,
47,3,전통시장,2130098,회기시장,12,1.0,2.0,,,,,,,
48,3,골목상권,2110232,동대부고,11,,,,,,,,,
49,3,골목상권,2110019,창덕궁,10,,,,,,,,,
50,3,골목상권,2110021,성균관대학교,9,,,1.0,,,,,,
51,3,골목상권,2110433,공릉역 2번,5,,,,,,,,,
52,3,골목상권,2110608,신월2동주민센터,8,1.0,,,,,,,,
53,3,골목상권,2111022,석촌중학교(방이육교),1,,,,,,,,,
54,3,골목상권,2110790,대림1동주민센터,16,2.0,,,,,,,,
55,3,전통시장,2130194,용강동 상점가,7,,1.0,,,,,,,
56,3,골목상권,2110495,북가좌2동주민센터,22,1.0,,,,,,,,
57,3,골목상권,2110340,인수중학교,5,,,,,,,,,
58,3,골목상권,2110539,미근동,9,2.0,1.0,,,,,,,
59,3,골목상권,2110346,4.19민주묘지역 2번,12,,,1.0,,,,,,
60,3,골목상권,2110312,안암역 2번,8,,1.0,1.0,,,,,,
61,3,발달상권,2120059,구삼강변맛길,24,2.0,1.0,,,1.0,,,,
62,3,골목상권,2110101,옥정중학교,6,,,,,,,,,
63,3,골목상권,2110104,신금호역 4번,6,,,,,,,,,
64,3,골목상권,2110049,장충단 고개,5,,,,,,,,,
65,3,골목상권,2110107,금호사거리,7,,,,,,,,,
66,3,골목상권,2111035,오금공원(오주중학교),3,,,,,,,,,
67,3,발달상권,2120236,장지역(가든파이브),39,2.0,2.0,,,,,,,
68,3,골목상권,2111033,문정동성당,8,,,,,,,,,
69,3,골목상권,2111085,묘곡초등학교(고덕아이파크아파트),13,1.0,,,,,,,,
70,3,골목상권,2110968,강남구청역 2번,3,,,,,,,,,
71,3,골목상권,2110822,신대방삼거리역 4번(대림초등학교),5,,,,,,,,,
72,3,전통시장,2130263,신노량진시장(기능상실),3,,,,,,,,,
73,3,골목상권,2110750,시흥4동주민센터(서울신흥초등학교),14,1.0,1.0,,,,,,,
74,3,발달상권,2120177,신논현역 1번,8,2.0,,,,,,,,
75,3,골목상권,2110662,까치산역 1번,24,1.0,,,,,,,,
76,3,골목상권,2110602,신월시영아파트중문,9,,1.0,,,,,,,
77,3,발달상권,2120108,신정네거리역,66,1.0,3.0,,,,,,,
78,3,골목상권,2110703,개봉역,31,,1.0,,,,,,,
79,3,전통시장,2130210,목2동시장,26,1.0,1.0,,,,,,,
80,3,발달상권,2120112,등촌역,46,1.0,5.0,,,,,,,
81,3,골목상권,2110474,세명컴퓨터고등학교,11,1.0,,,,1.0,,,,
82,3,전통시장,2130161,증산종합시장,2,,,,,1.0,,,,
83,3,골목상권,2110480,연신내역 3번,5,,,,,,,,,
84,3,골목상권,2110939,양재역 8번(양재동우체국),23,,,1.0,,,,,,
85,3,골목상권,2110733,금천어울림복지센터,4,,,,,,,,,
86,3,골목상권,2110727,독산역 1번 출입구,5,,,,,,,,,
87,3,골목상권,2110624,목동문화체육센터,3,1.0,,,,,,,,
88,3,골목상권,2110459,응암역 2번,9,,1.0,,,,,,,
89,3,골목상권,2110482,연신초등학교,3,1.0,,,,,,,,
90,3,골목상권,2110303,성신여대입구역 1번,7,1.0,,,,,,,,
91,3,골목상권,2111001,아래방죽마을공원(율현초등학교),10,,,,,,,,,
92,3,골목상권,2110876,서원동주민센터(신관중학교),7,1.0,,,,,,,,
93,3,전통시장,2130226,고척프라자,5,,,,,,,,,
94,3,골목상권,2110585,마포경찰서,7,1.0,,,,,,,,
95,3,골목상권,2110439,당고개역 5번,9,1.0,,,,,,,,
96,3,골목상권,2110407,도봉역 2번,37,2.0,,,,,,,,
97,3,골목상권,2110408,가인초등학교,14,,1.0,,,,,,,
98,3,골목상권,2110213,청량초등학교,11,,1.0,2.0,,,,,,
99,3,골목상권,2110214,경희대후문,13,1.0,,7.0,,,,,,
100,3,골목상권,2110026,종로5가역 4번,4,2.0,,,,,,,,
101,3,골목상권,2110025,충신시장옆,6,1.0,,,,,,,,
102,3,골목상권,2110198,동대문중앙새마을금고본점,3,,,,,,,,,
103,3,전통시장,2130095,청량리전통시장,15,,,,,,,,,
104,3,골목상권,2110206,텃골근린공원,8,1.0,,,,,,,,
105,3,골목상권,2110390,방학초등학교,16,1.0,1.0,,,,,,,
106,3,골목상권,2110006,부암동주민센터,4,1.0,,,,,,,,
107,3,골목상권,2110220,외대앞역 1번,27,,,,,,,,,
108,3,골목상권,2110226,장안1동주민센터,23,2.0,1.0,,,,,,,
109,3,골목상권,2111030,방이역 2번,8,1.0,,,,,,,,
110,3,관광특구,1001496,강남 마이스 관광특구,34,1.0,8.0,,1.0,,,,,
111,3,발달상권,2120209,"강남구청(청담역_8번, 강남세무서)",75,4.0,5.0,,,,,,,
112,3,골목상권,2110424,상계초등학교,14,,,,,,,,,
113,3,전통시장,2130287,삼성동 시장(삼성동시장),4,,,,,,,,,
114,3,골목상권,2110862,난곡초등학교(난곡동벽화마을),12,,,,,,,,,
115,3,골목상권,2110891,구암초등학교,8,,,,,,,,,
116,3,골목상권,2110864,신림우방아파트,3,,,,,,,,,
117,3,골목상권,2110855,신대방역 2번,35,,,,,,,,,
118,3,전통시장,2130255,영등포전통시장,9,,,,,,,,,
119,3,골목상권,2110766,대림역 5번,5,,,,,,,,,
120,3,발달상권,2120142,대림역,57,2.0,5.0,,,,,,,
121,3,골목상권,2110812,신길6동주민센터,10,,,,,,,,,
122,3,골목상권,2110787,신길3동주민센터,18,1.0,1.0,,,,,,,
123,3,전통시장,2130256,신동시장,3,,,,,,,,,
124,3,골목상권,2110757,양평역 2번,9,,1.0,,,,,,,
125,3,골목상권,2110590,만리재,13,,,,,,,,,
126,3,발달상권,2120106,마포역,45,1.0,9.0,,,,,,,
127,3,골목상권,2110544,망리단길,41,1.0,,,,,,,,
128,3,발달상권,2120104,연남동(홍대),66,1.0,4.0,1.0,,,,,,
129,3,골목상권,2110577,용강동주민센터,12,2.0,,,,,,,,
130,3,골목상권,2110883,은천초등학교(은천교앞),17,,,,,,,,,
131,3,골목상권,2110517,서대문소방서,6,,,,,,,,,
132,3,골목상권,2110552,성미산체육관,11,2.0,,,,,,,,
133,3,발달상권,2120093,연희동,37,,4.0,,,,,,,
134,3,전통시장,2130193,신수시장,3,,,,,,,,,
135,3,골목상권,2110542,마포구청역 7번,18,2.0,,,,,,,,
136,3,골목상권,2110500,남가좌동현대아파트,7,,,,,,,,,
137,3,골목상권,2110507,명지대학교,15,2.0,1.0,,,,,,,
138,3,전통시장,2130242,대림중앙 골목형상점가,3,,,,,,,,,
139,3,골목상권,2110566,경의선책거리,24,2.0,3.0,1.0,,,,,,
140,3,전통시장,2130135,수유중앙골목시장(수유중앙시장),5,,,,,,,,,
141,3,전통시장,2130139,강북종합전통시장(강북종합골목시장),13,,,,,,,,,
142,3,골목상권,2110339,국립4.19민주묘지,11,,,,,,,,,
143,3,발달상권,2120004,종로구청,31,3.0,2.0,1.0,,,,,,
144,3,골목상권,2110378,송중동주민센터,10,,,,,,,,,
145,3,전통시장,2130128,돌곶이시장(석관황금시장),3,,,,,,,,,
146,3,골목상권,2110320,KB국민은행 종암동지점,4,,1.0,,,,,,,
147,3,골목상권,2110325,장곡초등학교,9,1.0,,,,,,,,
148,3,골목상권,2110290,북한산보국문역 1번,3,,,,,,,,,
149,3,골목상권,2110282,국민대학교앞,11,1.0,,,,,,,,
150,3,골목상권,2110319,종암동주민센터,25,3.0,1.0,,,,,,,
151,3,골목상권,2110258,면동초등학교,14,2.0,1.0,,,,,,,
152,3,골목상권,2110267,망우역 2번,16,,,,,,,,,
153,3,골목상권,2110240,태릉시장 특화거리,12,,,,,,,,,
154,3,골목상권,2110245,KB국민은행 중화동지점,4,,1.0,,,,,,,
155,3,골목상권,2110658,화곡초등학교,22,2.0,,,,,,,,
156,3,골목상권,2110242,면목5동주민센터,16,1.0,,,,2.0,,,,
157,3,골목상권,2110169,성동초등학교,13,,,,,,,,,
158,3,골목상권,2110154,광진정말공원,20,,,,,,,,,
159,3,발달상권,2120058,구의사거리,23,,2.0,,,,,,,
160,3,골목상권,2110168,대원고등학교,5,1.0,,,,,,,,
161,3,발달상권,2120056,구의역,63,,4.0,,,,,,,
162,3,골목상권,2110149,세종대학교,5,,,,,,,,,
163,3,전통시장,2130112,사가정시장,20,,,,,,,,,
164,3,골목상권,2110138,송정체육공원,19,,,,,,,,,
165,3,골목상권,2110135,성동세무서,14,1.0,,,,,,,,
166,3,골목상권,2110124,뚝섬역교차로,4,,1.0,,,,,,,
167,3,골목상권,2110142,화양사거리,24,,1.0,,,,,,,
168,3,전통시장,2130061,이태원시장,2,,,,,,,,,
169,3,골목상권,2110074,서울역 12번,32,1.0,1.0,,,,,,,
170,3,골목상권,2110079,후암동주민센터,25,3.0,1.0,,,2.0,,,,
171,3,골목상권,2110166,구의1동주민센터,8,1.0,1.0,,,,,,,
172,3,발달상권,2120029,을지로2가,22,,2.0,,,,,,,
173,3,골목상권,2110017,정독도서관,5,,,,,,,,,
174,3,발달상권,2120006,종각역,118,1.0,11.0,,,,,,,
175,3,전통시장,2130086,서울약령시장,134,1.0,1.0,,,,,,,
176,3,발달상권,2120221,봉은사역,33,2.0,6.0,,,,,,,
177,3,골목상권,2110095,한강진역 3번,11,5.0,,,,,,,,
178,3,골목상권,2110515,홍은중학교,10,1.0,,,,,,,,
179,3,관광특구,1001491,이태원 관광특구,63,5.0,6.0,,,3.0,,,,
180,3,골목상권,2111078,굽은다리역 4번,19,1.0,,,,,,,,
181,3,골목상권,2111057,천호공원(해공체육문화센터),20,,,,,,,,,
182,3,골목상권,2111049,천호지구대(천호동자전거거리),7,,,,,,,,,
183,3,전통시장,2130318,로데오거리상점가,37,1.0,1.0,,,,,,,
184,3,골목상권,2111053,성내천어린이공원(하니사랑길),11,,,1.0,,,,,,
185,3,발달상권,2120243,천호역,128,2.0,5.0,,,,,,,
186,3,골목상권,2111073,둔촌동역 1번(한산중학교),20,1.0,,,,,,,,
187,3,발달상권,2120227,잠실역,128,1.0,18.0,,,,,,,
188,3,골목상권,2110973,강남구청역 4번,10,,,,,,,,,
189,3,골목상권,2110382,솔밭공원역 1번,13,,,,,,,,,
190,3,골목상권,2111023,문정역 1번,7,,1.0,,,,,,,
191,3,전통시장,2130174,연희사러가,2,,,,,,,,,
192,3,골목상권,2110532,아현역 2번,17,2.0,2.0,,,,,,,
193,3,골목상권,2111012,석촌역 6번,13,3.0,,,,,,,,
194,3,발달상권,2120226,석촌고분역,53,1.0,3.0,,,,,,,
195,3,골목상권,2110934,우면주공아파트,17,,,,,,,,,
196,3,발달상권,2120183,양재천카페거리,5,,1.0,,,,,,,
197,3,발달상권,2120216,경기고교사거리(경기고교앞사거리),31,,4.0,,,,,,,
198,3,골목상권,2110903,방배아이파크아파트,10,,,,,,,,,
199,3,발달상권,2120161,방배동가구거리(사당동가구거리),7,,,,,,,,,
200,3,골목상권,2110927,잠원역,13,,,,,,,,,
201,3,골목상권,2110842,흑리단길,11,,1.0,,,,,,,
202,3,발달상권,2120152,신대방삼거리역,64,,2.0,,,,,,,
203,3,발달상권,2120155,총신대학교,7,,,,,,,,,
204,3,골목상권,2110848,양지어린이공원,10,,,,,,,,,
205,3,골목상권,2110825,신대방삼거리역 1번,26,,,,,,,,,
206,3,골목상권,2110836,상도역 5번,33,,,,,,,,,
207,3,골목상권,2110694,세곡초등학교,22,2.0,,,,,,,,
208,3,발달상권,2120189,강남역,380,7.0,24.0,,,,,,,
209,3,전통시장,2130238,은행나무시장,14,,,,,,,,,
210,3,골목상권,2110702,개봉초등학교,6,,,,,,,,,
211,3,골목상권,2110655,발산역 5번,14,,,,,,,,,
212,3,골목상권,2110666,KC대학교,3,,,,,,,,,
213,3,골목상권,2110670,신곡초등학교,24,,,,,,,,,
214,3,골목상권,2110449,증산역 3번,26,3.0,,,,,,,,
215,3,골목상권,2110465,연신내역 7번,10,,,,,,,,,
216,3,전통시장,2130223,고척근린시장,17,1.0,,,,,,,,
217,3,골목상권,2110450,시립서북병원,20,,,,,,,,,
218,3,골목상권,2110425,계상초등학교,14,1.0,,,,,,,,
219,3,골목상권,2110114,왕십리파출소,6,1.0,,,,,,,,
220,3,골목상권,2110072,열정도,1,,,,,1.0,,,,
221,3,골목상권,2110121,한양대역 4번,2,,1.0,,,,,,,
222,3,골목상권,2110801,신풍역 6번(신길6동공영주차장),1,,,,,,,,,
223,3,골목상권,2110573,신촌역 6번,1,,,,,,,,,
224,3,골목상권,2110546,양화대교북단,1,,,,,,,,,
225,3,골목상권,2110538,충정로역 3번,3,,,,,,,,,
226,3,골목상권,2110126,서울숲역 1번,3,1.0,,,,,,,,
227,3,전통시장,2130298,강남터미널지하도상점가2구역,2,,,,,,,,,
228,3,전통시장,2130103,이경시장,2,,,,,,,,,
229,3,골목상권,2110414,장석교회,5,,,,,,,,,
230,3,골목상권,2110197,세종대왕기념관교차로,3,,,,,,,,,
231,3,골목상권,2110574,서강대학교,5,,,1.0,,,,,,
232,3,골목상권,2110051,한양공고앞 교차로,2,,,,,,,,,
233,3,골목상권,2110131,성수동카페거리,5,,1.0,,,,,,,
234,3,골목상권,2110106,금북초등학교,2,,,,,,,,,
235,3,전통시장,2130311,새마을시장,17,,2.0,,,,,,,
236,3,골목상권,2110402,도봉구 정병원,11,,,,,,,,,
237,3,전통시장,2130200,"신월7동 골목시장(약수시장, 우성상가)",5,,,,,,,,,
238,3,전통시장,2130306,강남언주로,4,,,,,,,,,
239,3,골목상권,2110976,언북초등학교,2,1.0,,,,,,,,
240,3,골목상권,2110807,신길역 3번,1,,,,,,,,,
241,3,전통시장,2130180,포방터시장,8,,,,,,,,,
242,3,골목상권,2110238,배꽃어린이공원,1,,,,,,,,,
243,3,골목상권,2110143,뚝섬유원지역 1번,2,,,,,,,,,
244,3,골목상권,2110173,구남초등학교,3,,,,,,,,,
245,3,골목상권,2110123,마장역 3번,10,1.0,,,,,,,,
246,3,골목상권,2110090,한국폴리텍대학서울정수캠퍼스,8,7.0,,,,,,,,
247,3,골목상권,2110725,가산동주민센터,10,1.0,,,,,,,,
248,3,골목상권,2110701,고척동성당,8,,,,,,,,,
249,3,골목상권,2110637,송정역 2번,5,1.0,,,,,,,,
250,3,골목상권,2110461,새절역 2번,7,,,,,,,,,
251,3,전통시장,2130160,수일시장,6,,,,,,,,,
252,3,골목상권,2110440,상계3동4동주민센터,6,,1.0,,,,,,,
253,3,골목상권,2110186,종암초등학교,2,,,,,,,,,
254,3,골목상권,2110388,도봉우체국,3,,,,,,,,,
255,3,골목상권,2110989,대치동아우편취급국,1,1.0,,,,,,,,
256,3,골목상권,2110182,용두희망어린이공원,13,,,,,,,,,
257,3,골목상권,2110789,대림성모병원,27,,2.0,,,,,,,
258,3,골목상권,2110548,마포구청역 4번,7,,,,,,,,,
259,3,골목상권,2110570,KB국민은행 서강지점,7,,1.0,,,,,,,
260,3,골목상권,2110575,대흥동주민센터,6,1.0,,,,,,,,
261,3,골목상권,2110887,서울산업정보학교(서울삼성초등학교),12,1.0,,,,,,,,
262,3,골목상권,2110803,신길2동우편취급국,7,1.0,,,,,,,,
263,3,골목상권,2110508,서연중학교,10,,,,,,,,,
264,3,골목상권,2110493,북가좌초등학교,2,,,,,,,,,
265,3,골목상권,2110568,광흥창역 1번,7,,,,,,,,,
266,3,골목상권,2110381,번동주공2단지,5,,,,,,,,,
267,3,골목상권,2110326,장위동성당,14,,,,,,,,,
268,3,전통시장,2130136,수유재래시장,1,,,,,,,,,
269,3,골목상권,2110061,효창동주민센터,16,,,1.0,,,,,,
270,3,골목상권,2110588,한겨레신문사,6,,1.0,,,,,,,
271,3,골목상권,2110040,중구회현체육센터(정화예술대남산캠퍼스),9,,,2.0,,,,,,
272,3,골목상권,2110177,동의초등학교,1,,,,,,,,,
273,3,골목상권,2110116,청계천박물관,11,3.0,1.0,,,,,,,
274,3,골목상권,2111008,석촌고분역 3번,9,,,,,,,,,
275,3,골목상권,2111040,거여초등학교,4,,,,,,,,,
276,3,골목상권,2110434,태릉입구역 4번,4,,1.0,,,,,,,
277,3,골목상권,2110004,대신고등학교,8,,,,,,,,,
278,3,골목상권,2110910,내방역 5번,5,,,,,,,,,
279,3,전통시장,2130272,사당시장,4,,,,,1.0,,,,
280,3,골목상권,2110737,금천세무서,7,1.0,1.0,,,,,,,
281,3,전통시장,2130222,오류시장,11,,,,,,,,,
282,3,골목상권,2110663,우장산롯데캐슬아파트앞,5,,,,,,,,,
283,3,골목상권,2110466,구산역 2번,7,,,,,,,,,
284,3,골목상권,2110468,응암역 3번,23,2.0,,,,,,,,
285,3,골목상권,2110227,답십리공원,8,,,,,,,,,
286,3,골목상권,2110598,신월문화체육센터,17,2.0,,,,,,,,
287,3,전통시장,2130203,서서울 골목형상점가,9,,1.0,,,,,,,
288,3,골목상권,2110097,한남초등학교,10,3.0,1.0,,,,,,,
289,3,골목상권,2110098,서울독일학교,7,3.0,,,,,,,,
290,3,골목상권,2110648,양천향교역 7번,21,,1.0,,,,,,,
291,3,골목상권,2110426,상계2동주민센터,26,1.0,,,,,,,,
292,3,골목상권,2110406,도봉산역 1번,11,,,,,,,,,
293,3,골목상권,2110396,쌍문역1번(쌍리단길),20,,,,,,,,,
294,3,골목상권,2110420,광운대역 1번,18,1.0,,1.0,,,,,,
295,3,골목상권,2110994,개포고등학교,18,1.0,,,,,,,,
296,3,골목상권,2110012,성곡미술관,11,2.0,,,,,,,,
297,3,골목상권,2110478,응암1동주민센터,10,1.0,,,,,,,,
298,3,골목상권,2110191,고려대역 6번,9,,,1.0,,,,,,
299,3,전통시장,2130094,청량리청과물시장,12,,2.0,,,,,,,
300,3,골목상권,2110215,회기역 1번,8,1.0,,,,,,,,
301,3,골목상권,2110619,목4동주민센터,1,,,,,,,,,
302,3,골목상권,2110612,신정역 5번,13,1.0,,,,,,,,
303,3,골목상권,2110031,창신역 1번,12,,,,,,,,,
304,3,골목상권,2110022,경신고등학교,9,,,2.0,,,,,,
305,3,골목상권,2110024,혜회동주민센터,9,2.0,,,,,,,,
306,3,전통시장,2130018,동대문문구완구거리(동대문문구완구시장),13,,,,,,,,,
307,3,골목상권,2110403,방학1동주민센터,10,2.0,,,,,,,,
308,3,골목상권,2110397,도봉산입구,27,2.0,1.0,,,,,,,
309,3,발달상권,2120151,보라매공원,39,1.0,6.0,,,,,,,
310,3,골목상권,2110992,도곡초등학교,3,3.0,,,,,,,,
311,3,전통시장,2130206,신정3동 골목시장,5,,,,,,,,,
312,3,골목상권,2110972,강남세브란스병원미래의학연구센터,2,,,1.0,,,,,,
313,3,발달상권,2120210,선릉역,150,1.0,11.0,,,,,,,
314,3,전통시장,2130278,미성동 도깨비시장 골목형상점가,12,,,,,,,,,
315,3,골목상권,2110856,미성초등학교,27,1.0,2.0,,,,,,,
316,3,골목상권,2110759,문래예술촌(문래창작촌),34,3.0,2.0,,,,,,,
317,3,골목상권,2110868,남부초등학교,5,,,,,,,,,
318,3,골목상권,2110802,신길동홍어거리,6,,1.0,,,,,,,
319,3,골목상권,2110794,영동초등학교,8,1.0,,,,,,,,
320,3,골목상권,2110549,새터산,16,,,,,,,,,
321,3,전통시장,2130186,망원시장,12,1.0,,,,,,,,
322,3,발달상권,2120100,망원역,41,,3.0,,,,,,,
323,3,발달상권,2120102,서교동(홍대),50,2.0,6.0,,,,,,,
324,3,골목상권,2110562,연트럴파크(연남동주민센터),10,,,,,,,,,
325,3,골목상권,2110512,연희지하차도,5,1.0,,,,,,,,
326,3,골목상권,2110572,서강대역 1번,37,,,,,,,,,
327,3,골목상권,2110509,연희대우아파트앞,16,,,,,,,,,
328,3,골목상권,2110569,홍대땡땡거리,10,,,,,,,,,
329,3,전통시장,2130172,모래내시장(서중시장),19,,1.0,,,1.0,,,,
330,3,골목상권,2110504,명지전문대,1,,,,,,,,,
331,3,골목상권,2110526,봉원사,17,,,1.0,,,,,,
332,3,골목상권,2110366,광산사거리,9,,,,,,,,,
333,3,골목상권,2110352,수유1동주민센터,31,3.0,,,,,,,,
334,3,골목상권,2110354,삼각산119안전센터,11,,,,,,,,,
335,3,골목상권,2110379,KT&G 북부지사,5,,,,,,,,,
336,3,전통시장,2130182,영천시장,25,,1.0,,,,,,,
337,3,골목상권,2110349,화계역 2번,6,,,,,,,,,
338,3,발달상권,2120075,월곡역,33,1.0,1.0,,,,,,,
339,3,전통시장,2130117,정릉시장,22,,1.0,,,,,,,
340,3,골목상권,2110305,보문역 5번,18,2.0,1.0,,,,,,,
341,3,전통시장,2130111,"동원전통종합시장(동원시장, 동원전통시장 상점가)",45,,,,,4.0,,,,
342,3,골목상권,2110270,혜원여고,10,1.0,1.0,,,2.0,,,,
343,3,골목상권,2110151,자양한강도서관,13,,,,,,,,,
344,3,골목상권,2110157,자양동우체국,12,1.0,1.0,,,,,,,
345,3,골목상권,2110102,옥수역 6번,16,1.0,,,,,,,,
346,3,골목상권,2110115,상왕십리역 3번,20,1.0,,,,,,,,
347,3,골목상권,2110660,등촌3동주민센터,51,2.0,,,,,13.0,,,
348,3,발달상권,2120054,어린이대공원역,38,1.0,1.0,,,,,,,
349,3,골목상권,2110054,청구역 3번,5,1.0,,,,,,,,
350,3,전통시장,2130055,"황학시장(서울중앙시장, 신중앙시장)",6,1.0,,,,,,,,
351,3,발달상권,2120053,건대입구역(건대),85,1.0,4.0,,1.0,,,,,
352,3,전통시장,2130070,뚝섬역상점가,16,1.0,2.0,,,,,,,
353,3,전통시장,2130036,중부시장(신중부시장),18,,2.0,,,1.0,,,,
354,3,발달상권,2120037,동대문역사문화공원역,125,2.0,5.0,1.0,,,,,,
355,3,골목상권,2110041,남산케이블카,12,1.0,,1.0,,,,,,
356,3,전통시장,2130022,숭례문수입상가(남대문시장),3,1.0,2.0,,,,,,,
357,3,발달상권,2120041,신용산역(용산역),90,8.0,11.0,,,,,,,
358,3,골목상권,2110058,성심여자고등학교,14,,,,,1.0,,,,
359,3,골목상권,2110167,용마초등학교,22,,1.0,,,,,,,
360,3,골목상권,2110995,봉은사역 4번,5,,,,,,,,,
361,3,발달상권,2120014,종로5가역,94,2.0,3.0,,,,,,,
362,3,발달상권,2120015,종로6가,35,,,,,,,,,
363,3,전통시장,2130056,용산용문시장,20,,,,,1.0,,,,
364,3,골목상권,2110066,서울역 15번,12,2.0,,,,,,,,
365,3,골목상권,2110254,오거리공원,19,1.0,,,,,,,,
366,3,전통시장,2130051,동화동 골목형상점가,16,,,,,,,,,
367,3,골목상권,2110039,회현역 1번,5,,,,,,,,,
368,3,골목상권,2111068,강동성심병원,9,,1.0,1.0,,,,,,
369,3,전통시장,2130326,고덕 골목형상점가,11,,,,,,,,,
370,3,발달상권,2120230,송파사거리(송파역),59,,5.0,,,,,,,
371,3,골목상권,2111041,거여역 8번,1,,,,,,,,,
372,3,발달상권,2120247,굽은다리역,48,1.0,5.0,,,,,,,
373,3,골목상권,2110387,쌍문초등학교,23,,,,,,,,,
374,3,골목상권,2110218,답십리사거리,21,,,,,,,,,
375,3,발달상권,2120066,장한평역(장한평),94,1.0,9.0,,,1.0,,,,
376,3,골목상권,2110820,성남고등학교,15,1.0,,,,,,,,
377,3,골목상권,2110955,논현초등학교,12,,,,,,,,,
378,3,골목상권,2110230,장안현대홈타운1차아파트,10,,,,,,,,,
379,3,발달상권,2120184,포이사거리(삼호물산),70,1.0,9.0,,,,,,,
380,3,골목상권,2110913,방현초등학교(방배119안전센터),21,,,,,,,,,
381,3,발달상권,2120164,내방역,75,2.0,6.0,3.0,,,,,,
382,3,발달상권,2120215,포스코사거리,92,,17.0,,,,,,,
383,3,골목상권,2110912,방배동사이길,15,1.0,2.0,,,,,,,
384,3,발달상권,2120156,"총신대입구역(이수, 총신대)",142,2.0,7.0,,,,,,,
385,3,골목상권,2110834,동작구자원봉사센터,5,,,,,,,,,
386,3,골목상권,2110935,한전아트센터,6,,,,,,,,,
387,3,골목상권,2110819,신대방역 4번,30,1.0,1.0,1.0,,,,,,
388,3,골목상권,2110824,대방역 3번,8,,,,,,,,,
389,3,골목상권,2110850,사당역 10번,31,1.0,1.0,,,,,,,
390,3,골목상권,2110852,이수역 9번,5,2.0,,,,,,,,
391,3,골목상권,2110827,NH농협은행 상도동지점,14,,1.0,,,,,,,
392,3,발달상권,2120154,장승배기역,52,3.0,2.0,,,1.0,,,,
393,3,골목상권,2110828,노량진역 6번,23,2.0,1.0,,,,,,,
394,3,발달상권,2120153,노량진역(노량진),73,2.0,6.0,,,,,,,
395,3,골목상권,2110747,석수역 1번 출입구,11,,,,,,,,,
396,3,골목상권,2110749,금산초등학교(금천고등학교),19,,,,,,,,,
397,3,발달상권,2120190,강남을지병원,72,,3.0,,,,,,,
398,3,발달상권,2120169,서초역,52,5.0,8.0,,,,,,,
399,3,골목상권,2110738,문성초등학교,20,2.0,1.0,,,,,,,
400,3,골목상권,2110735,말미고개,13,,1.0,,,,,,,
401,3,골목상권,2110691,개봉중학교,17,,,,,,,,,
402,3,골목상권,2110721,가리봉파출소,14,,,,,,,,,
403,3,전통시장,2130230,가리봉시장,5,,,,,,,,,
404,3,발달상권,2120131,가산디지털단지,212,7.0,25.0,,,,,,,
405,3,골목상권,2110653,화곡역 2번,10,1.0,,,,,,,,
406,3,골목상권,2110652,양천향교역 2번,16,1.0,,,,,,,,
407,3,골목상권,2110700,고척초등학교,16,1.0,,,,,,,,
408,3,발달상권,2120120,화곡역,88,,3.0,,,,,,,
409,3,골목상권,2110646,푸른들청소년도서관,22,2.0,,,,,,,,
410,3,전통시장,2130219,까치산시장,29,,3.0,,,,,,,
411,3,골목상권,2110632,방화역 3번,15,,,,,,,,,
412,3,골목상권,2110659,화곡역 4번,18,1.0,,,,,,,,
413,3,골목상권,2110604,신월4동주민센터,12,2.0,,,,,,,,
414,3,전통시장,2130204,경창시장,10,,,,,,,,,
415,3,발달상권,2120109,서울남부지방법원,33,1.0,1.0,,,,,,,
416,3,골목상권,2110597,신월1동주민센터,16,2.0,2.0,,,,,,,
417,3,전통시장,2130163,응암오거리상점가,15,,1.0,,,,,,,
418,3,골목상권,2110469,응암정보도서관,48,2.0,1.0,,,,,,,
419,3,전통시장,2130208,목동깨비시장(목3동시장),28,,1.0,,,,,,,
420,3,골목상권,2110485,연신내우체국,9,2.0,,,,,,,,
421,3,골목상권,2110471,응암동우체국,22,2.0,,,,,,,,
422,3,발달상권,2120091,본서부병원,56,1.0,2.0,,,,,,,
423,3,전통시장,2130167,연신내상점가(연빛거리),40,,1.0,,,,,,,
424,3,골목상권,2110278,망우본동주민센터,36,5.0,,,,1.0,,,,
425,3,골목상권,2111009,송파책박물관,1,,,,,,,,,
426,3,골목상권,2110870,신림주공2단지(광신고등학교),2,,,,,,,,,
427,3,골목상권,2110368,송천초등학교,1,,,,,,,,,
428,3,전통시장,2130123,꿈의숲 장곡 골목형상점가,4,,,,,,,,,
429,3,골목상권,2110011,청운초등학교,1,,,,,,,,,
430,3,전통시장,2130275,강남골목시장,1,,,,,,,,,
431,3,골목상권,2110799,영등포본동주민센터,1,,,,,,,,,
432,3,골목상권,2111055,선사초등학교,1,,,,,,,,,
433,3,골목상권,2110915,서래초등학교,1,,,,,,,,,
434,3,골목상권,2110884,봉천역 4번(봉천110안전센터),2,,,,,,,,,
435,3,전통시장,2130005,세운상가가동,1,,,,,,,,,
436,3,전통시장,2130080,자양종합시장(기능상실),2,,,,,1.0,,,,
437,3,전통시장,2130260,신대방1동골목상권,6,,,,,,,,,
438,3,전통시장,2130233,남문시장,2,,,,,,,,,
439,3,전통시장,2130032,인현시장,1,,,,,,,,,
440,3,전통시장,2130044,에리어식스(벨포스트),1,,,,,,,,,
441,3,골목상권,2110156,군자역 5번,3,1.0,,,,,,,,
442,3,골목상권,2110592,서울금융고등학교,4,,,,,,,,,
443,3,골목상권,2110444,수색성당,7,,,,,,,,,
444,3,골목상권,2110436,상계제일중학교,8,,1.0,,,,,,,
445,3,골목상권,2110427,노원 을지대학교병원,4,,,,,,,,,
446,3,전통시장,2130091,청량종합도매시장,4,,,,,,,,,
447,3,골목상권,2110607,금빛새마을금고본점,4,,,,,,,,,
448,3,전통시장,2130011,충신시장,3,,,,,,,,,
449,3,골목상권,2110951,신사은행나무공원,1,,,,,,,,,
450,3,전통시장,2130231,독산동 우시장,4,,,,,,,,,
451,3,골목상권,2110916,내방역 4번,5,,,,,1.0,,,,
452,3,골목상권,2110391,샘말어린이공원,12,,,,,,,,,
453,3,골목상권,2110165,국립정신건강센터,8,,,,,,,,,
454,3,전통시장,2130176,유진상가,3,,,,,,,,,
455,3,전통시장,2130134,"솔샘시장(미아6,7동골목시장)",6,,,,,,,,,
456,3,전통시장,2130141,강북북부골목시장,5,,,,,,,,,
457,3,골목상권,2110301,성신여대입구역 7번,8,,,,,,,,,
458,3,전통시장,2130115,우림골목시장,23,,2.0,,,1.0,,,,
459,3,골목상권,2110253,중곡초등학교,10,,,,,,,,,
460,3,전통시장,2130057,만리시장,2,,,,,1.0,,,,
461,3,골목상권,2110962,도산공원북측,1,,,,,,,,,
462,3,골목상권,2110631,방화초등학교,2,,,,,,,,,
463,3,전통시장,2130144,백운시장,5,,,,,,,,,
464,3,전통시장,2130100,답십리시장,7,,,,,,,,,
465,3,골목상권,2110839,숭실대입구역 4번,7,,,1.0,,,,,,
466,3,전통시장,2130207,신정1동 골목시장(신정제일시장),6,,,,,,,,,
467,3,골목상권,2110886,관악해태어린이공원,12,,,,,,,,,
468,3,골목상권,2110768,도림2동유수지내체육시설,4,,,,,,,,,
469,3,골목상권,2110347,구세군강북종합사회복지관,8,,,,,,,,,
470,3,골목상권,2110373,수유역 2번,7,2.0,,,,,,,,
471,3,골목상권,2110318,KT월곡지사,5,,,,,,,,,
472,3,골목상권,2110268,망우3동주민센터,4,,,,,,,,,
473,3,골목상권,2110251,장안중학교,18,,,,,,,,,
474,3,골목상권,2110144,어린이대공원역 4번,3,1.0,,,,,,,,
475,3,골목상권,2110591,충정로역 6번,12,,,,,,,,,
476,3,전통시장,2130048,동평화시장,2,,,,,,,,,
477,3,전통시장,2130058,이촌종합시장,4,1.0,,,,,,,,
478,3,골목상권,2110043,충무초등학교,16,1.0,,1.0,,,,,,
479,3,골목상권,2110096,한남힐사이드아파트,6,3.0,,,,,,,,
480,3,골목상권,2111027,문정초등학교,7,,,,,,,,,
481,3,골목상권,2111039,벌말어린이공원,4,,,,,,,,,
482,3,전통시장,2130267,본동인정시장(기능상실),8,1.0,,,,,,,,
483,3,골목상권,2110826,장승배기역 4번,13,,,,,,,,,
484,3,골목상권,2110731,금천구청역 1번 출입구,20,1.0,,,,,,,,
485,3,골목상권,2110740,금천해태공원,11,,,,,,,,,
486,3,골목상권,2110710,남구로역 3번,52,,1.0,,,,,,,
487,3,골목상권,2110724,금천구립가산도서관,5,1.0,,,,,,,,
488,3,골목상권,2110709,구로119안전센터,8,,,,,,,,,
489,3,발달상권,2120116,송정역,23,,2.0,,,,,,,
490,3,골목상권,2110479,연신내역 2번,9,,,,,1.0,,,,
491,3,골목상권,2110476,역촌역 2번,3,,,,,,,,,
492,3,골목상권,2110088,오산고등학교,10,8.0,,,,,,,,
493,3,골목상권,2110898,청림동주민센터(상도중학교),12,1.0,,,,,,,,
494,3,발달상권,2120128,신도림역,63,1.0,4.0,,,,,,,
495,3,전통시장,2130323,둔촌역전통시장,6,,,,,,,,,
496,3,발달상권,2120099,월드컵경기장역(월드컵경기장),12,,,,,,,,,
497,3,발달상권,2120080,마들역,50,,6.0,,,,,,,
498,3,골목상권,2110411,도봉역 3번,7,,,,,,,,,
499,3,골목상권,2110203,떡전교사거리,3,,,,,,,,,
500,3,골목상권,2110192,동의보감타워,9,,,,,,,,,
501,3,골목상권,2110385,효문고등학교,1,,,,,,,,,
502,3,골목상권,2110036,동묘앞역 3번,4,,,,,,,,,
503,3,전통시장,2130307,도곡시장,9,,,,,,,,,
504,3,골목상권,2110189,제기동역 1번,8,1.0,,,,,,,,
505,3,발달상권,2120217,대치사거리,11,,2.0,,,,,,,
506,3,골목상권,2110441,영신여고,10,,,,,,,,,
507,3,골목상권,2110195,동대문구청,15,,,,,,,,,
508,3,골목상권,2110020,서울국제고등학교,16,,,1.0,,,,,,
509,3,골목상권,2110007,사직공원(한국사회과학도서관),11,1.0,,,,,,,,
510,3,골목상권,2110641,공항고등학교,11,,,,,,,,,
511,3,발달상권,2120084,공릉역,31,1.0,1.0,1.0,,,,,,
512,3,골목상권,2110398,쌍문2동우체국,21,1.0,1.0,,,,,,,
513,3,골목상권,2110375,서울북부고용노동지청,17,,,,,,,,,
514,3,골목상권,2110030,동대문역 3번,9,,,,,,,,,
515,3,골목상권,2111013,송파나루역 1번(송리단길),8,,,,,,,,,
516,3,발달상권,2120079,창동역,64,4.0,3.0,,,,,,,
517,3,골목상권,2110428,상계5동주민센터,26,1.0,,,,,,,,
518,3,발달상권,2120016,동대문역,35,,1.0,,,,,,,
519,3,발달상권,2120212,한티역,58,1.0,6.0,,1.0,,,,,
520,3,전통시장,2130308,청담삼익시장,3,1.0,,,,,,,,
521,3,골목상권,2110890,봉천역 1번(관악초등학교),13,,1.0,,,,,,,
522,3,골목상권,2110869,"신림역 5번(신림동주민센터, 신림동별빛거리)",13,1.0,,,,,,,,
523,3,골목상권,2110788,영등포시장역 3번,4,1.0,,,,,,,,
524,3,골목상권,2110777,구로세무서,4,1.0,,,,,,,,
525,3,골목상권,2110823,신대방삼거리역 3번,11,,,,,,,,,
526,3,골목상권,2110756,문래중학교,7,,,,,,,,,
527,3,발달상권,2120141,영등포청과시장교차로,12,,,,,,,,,
528,3,전통시장,2130195,도화동 상점가,42,2.0,,,,,,,,
529,3,골목상권,2110554,망원역 1번,6,1.0,,,,,,,,
530,3,골목상권,2110514,서대문우체국,3,1.0,,,,,,,,
531,3,전통시장,2130181,아현가구거리상점가,12,,,,,,,,,
532,3,골목상권,2110533,충정로역 7번,1,,,,,,,,,
533,3,발달상권,2120150,63빌딩,7,1.0,3.0,,,,,,,
534,3,골목상권,2110565,홍익대,5,,,,,,,,,
535,3,골목상권,2110558,경성고등학교,25,2.0,1.0,,,,,,,
536,3,골목상권,2110547,KB국민은행 망원동지점,15,1.0,1.0,,,,,,,
537,3,골목상권,2110496,모래내우체국,22,1.0,2.0,,,,,,,
538,3,골목상권,2110499,연가초등학교,15,,,,,,,,,
539,3,골목상권,2110527,홍제역 2번,4,,,,,,,,,
540,3,발달상권,2120101,합정역,77,4.0,6.0,,,,,,,
541,3,골목상권,2110534,경기대학교,12,,,2.0,,,,,,
542,3,골목상권,2110519,서대문구보건소별관,18,1.0,,,,,,,,
543,3,전통시장,2130140,숭인시장,24,1.0,1.0,,,2.0,,,,
544,3,골목상권,2110372,강북중학교,7,1.0,1.0,,,,,,,
545,3,전통시장,2130137,"수유전통시장(수유시장, 수유골목시장)",16,,,,,1.0,,,,
546,3,전통시장,2130177,인왕시장(홍제골목형상점가),15,,1.0,,,4.0,,,,
547,3,골목상권,2110529,홍제3동주민센터,27,1.0,1.0,,,,,,,
548,3,골목상권,2110535,영천시장입구,12,,,,,,,,,
549,3,골목상권,2110336,석관고등학교,6,,,,,,,,,
550,3,골목상권,2110331,돌곶이역 8번,21,1.0,,,,,,,,
551,3,골목상권,2110291,한성대입구역 3번,21,1.0,1.0,,,,,,,
552,3,골목상권,2110297,경동고등학교,15,1.0,,,,,,,,
553,3,골목상권,2110286,한성대입구역 5번,21,2.0,,1.0,,,,,,
554,3,골목상권,2110521,홍제역 4번,7,,,,,,,,,
555,3,골목상권,2110262,상봉역 3번,11,,1.0,,,,,,,
556,3,골목상권,2110334,석관중앙교회,13,,,,,,,,,
557,3,골목상권,2110163,성자초등학교,10,,,,,,,,,
558,3,전통시장,2130081,자양골목전통시장(자양골목시장),3,,,1.0,,,,,,
559,3,골목상권,2110159,구의역 4번,29,2.0,,,,,,,,
560,3,발달상권,2120060,강변역(테크노마트),27,1.0,3.0,,,,,,,
561,3,발달상권,2120061,올림픽대교북단,30,,2.0,,,,,,,
562,3,골목상권,2110176,해오름공원,15,,,,,,,,,
563,3,골목상권,2110153,중곡1동주민센터,3,1.0,,,,,,,,
564,3,전통시장,2130083,"중곡제일시장(중곡제일골목시장, 광성시장)",18,,,,,1.0,,,,
565,3,전통시장,2130078,화양제일골목시장,4,,,,,,,,,
566,3,골목상권,2110100,옥수동우편취급국,6,1.0,,,,,,,,
567,3,발달상권,2120069,상봉역,78,1.0,2.0,,,,,,,
568,3,골목상권,2110179,광나루역 1번,11,1.0,1.0,,,,,,,
569,3,골목상권,2110081,해방촌 남동측,21,3.0,,,,,,,,
570,3,골목상권,2110260,면목역 3번,23,,1.0,,,2.0,,,,
571,3,전통시장,2130052,서울중앙시장(신중앙시장),15,,2.0,,,,,,,
572,3,골목상권,2110117,성동구보건소,5,,,,,,,,,
573,3,골목상권,2110147,능동우편취급국,10,1.0,,,,,,,,
574,3,골목상권,2110053,청구역 1번,7,3.0,,,,,,,,
575,3,발달상권,2120024,회현역,34,3.0,,,,,,,,
576,3,전통시장,2130024,남대문시장(자유상가),41,,4.0,,,2.0,,,,
577,3,골목상권,2110134,성수119안전센터,38,,,,,,,,,
578,3,전통시장,2130007,광장시장(광장전통시장),22,1.0,3.0,,,,,,,
579,3,골목상권,2110118,왕십리역 9번,15,1.0,,,,,,,,
580,3,골목상권,2110136,경수초등학교,11,,2.0,,,,,,,
581,3,발달상권,2120057,아차산역,65,1.0,1.0,,,,,,,
582,3,골목상권,2110125,사근동살곶이상점가,15,1.0,,2.0,,,,,,
583,3,관광특구,1001494,종로?청계 관광특구,243,5.0,18.0,,,6.0,,,,
584,3,전통시장,2130065,무학봉상점가,15,2.0,,,,,,,,
585,3,전통시장,2130294,관악중부시장,12,,2.0,,,,,,,
586,3,발달상권,2120143,당산역,83,1.0,2.0,,,,,,,
587,3,발달상권,2120040,용산전자상가(용산역),52,2.0,7.0,,,6.0,,,,
588,3,골목상권,2110064,효창공원앞역 2번,16,,1.0,4.0,,,,,,
589,3,골목상권,2110094,오산중학교,3,,,,,,,,,
590,3,골목상권,2111083,GS강동자이아파트,8,1.0,,,,,,,,
591,3,골목상권,2111071,천동초등학교,2,,,,,,,,,
592,3,전통시장,2130321,장신구 특화거리 상점가,7,1.0,,,,,,,,
593,3,발달상권,2120002,서촌(경복궁역),44,3.0,2.0,,,,,,,
594,3,골목상권,2111089,상일여고(상일초등학교),23,1.0,,,,,,,,
595,3,전통시장,2130312,석촌시장,9,,,,,,,,,
596,3,발달상권,2120225,잠실새내역(신천),175,4.0,11.0,,,,,,,
597,3,발달상권,2120228,석촌역(석촌호수),81,,6.0,,,,,,,
598,3,골목상권,2111006,석촌고분역 1번,18,,,,,,,,,
599,3,골목상권,2111015,석촌역 3번,18,2.0,,,,,,,,
600,3,발달상권,2120224,수서역,40,,3.0,,,,,,,
601,3,발달상권,2120063,청량리역(청량리),84,3.0,4.0,,,,,,,
602,3,골목상권,2110200,동대문경찰서,8,,,,,,,,,
603,3,발달상권,2120237,경찰병원역,57,2.0,3.0,,,,,,,
604,3,발달상권,2120039,신당역,55,3.0,5.0,,,,,,,
605,3,발달상권,2120012,대학로(혜화역),62,1.0,5.0,4.0,,,,,,
606,3,전통시장,2130303,영동전통시장,5,,,,,,,,,
607,3,발달상권,2120191,학동역,65,4.0,6.0,,,,,,,
608,3,발달상권,2120186,가로수길,42,2.0,4.0,,,,,,,
609,3,골목상권,2110847,예술인마을,4,,,1.0,,,,,,
610,3,전통시장,2130261,성대전통시장(성대시장),30,1.0,2.0,,,1.0,,,,
611,3,전통시장,2130234,푸른터시장(기능상실),1,,,,,1.0,,,,
612,3,골목상권,2110755,동일여자고등학교,21,1.0,,,,,,,,
613,3,골목상권,2110690,오류2동버들시장,49,1.0,1.0,,,,,,,
614,3,골목상권,2110693,오류동역 4번,5,,,,,,,,,
615,3,발달상권,2120123,오류동역,60,1.0,4.0,,,,,,,
616,3,골목상권,2110730,서울축산농협 독산역지점(독산파출소),13,,,,,,,,,
617,3,발달상권,2120125,구로역,70,2.0,8.0,,1.0,8.0,,,,
618,3,발달상권,2120185,논현역,105,1.0,7.0,,,1.0,,,,
619,3,발달상권,2120132,독산동,106,2.0,7.0,,,,,,,
620,3,발달상권,2120187,신논현역,154,3.0,7.0,,,,,,,
621,3,골목상권,2110636,방화역 2번,14,1.0,,,,,,,,
622,3,발달상권,2120121,까치산역,38,,,,,,,,,
623,3,골목상권,2110627,신정롯데캐슬아파트,15,,1.0,,,,,,,
624,3,발달상권,2120114,목동신시가지,89,10.0,13.0,,,,,,,
625,3,골목상권,2110451,증산역 4번,16,,,,,1.0,,,,
626,3,전통시장,2130162,증산골목시장,2,,,,,,,,,
627,3,발달상권,2120088,구산역,36,,1.0,,,,,,,
628,3,골목상권,2110460,구산역 4번,44,1.0,1.0,,,,,,,
629,3,전통시장,2130171,불광먹자골목 골목형상점가,30,,2.0,,,,,,,
630,3,골목상권,2110593,신월3동주민센터,17,2.0,1.0,,,,,,,
631,3,골목상권,2110719,영서중학교,1,,,,,,,,,
632,3,골목상권,2110383,덕성여대시반거리,3,,1.0,,,,,,,
633,3,골목상권,2110853,KT구로지사,2,,,,,,,,,
634,3,전통시장,2130108,태능엔터피아(태릉시장),1,,,,,,,,,
635,3,골목상권,2110543,중암중학교,1,,,,,,,,,
636,3,골목상권,2110447,구산초등학교,4,,,,,,,,,
637,3,골목상권,2110505,홍남교남측,1,,,,,,,,,
638,3,전통시장,2130006,종로4가지하쇼핑센터,1,,,,,,,,,
639,3,골목상권,2110964,싸리고개근린공원,2,1.0,,,,,,,,
640,3,골목상권,2110872,신림초등학교,2,,,,,,,,,
641,3,전통시장,2130190,홍대소상공인상점가,2,1.0,,,,,,,,
642,3,골목상권,2110317,종암중학교,5,,,,,,,,,
643,3,전통시장,2130071,성수역 골목형상점가,3,,1.0,,,,,,,
644,3,전통시장,2130029,명동역지하도상가,1,,,,,,,,,
645,3,골목상권,2110070,용산세무서,1,,,,,,,,,
646,3,골목상권,2110961,언주역 3번,1,1.0,,,,,,,,
647,3,전통시장,2130014,동문시장,1,,,,,1.0,,,,
648,3,골목상권,2110979,청담초등학교,1,,,,,,,,,
649,3,전통시장,2130102,이문제일시장,1,,,,,,,,,
650,3,골목상권,2110779,대림갑을명가아파트,3,,,,,,,,,
651,3,골목상권,2110556,절두산순교성지,3,,,,,,,,,
652,3,골목상권,2110172,광진초등학교,10,1.0,1.0,,,,,,,
653,3,전통시장,2130325,명일전통시장,2,,,,,,,,,
654,3,골목상권,2110207,시립대앞사거리,2,,,,,,,,,
655,3,골목상권,2110946,청계산원터골,1,,,,,,,,,
656,3,골목상권,2110932,서울시인재개발원,4,,,1.0,,,,,,
657,3,골목상권,2110487,불광역 8번,16,,1.0,,,,,,,
658,3,골목상권,2110099,유엔빌리지길,7,4.0,,,,1.0,,,,
659,3,전통시장,2130166,응암시장(신응암시장),4,,,,,,,,,
660,3,골목상권,2110661,강서새말어린이공원,3,,,,,,,,,
661,3,골목상권,2110673,뜸부기어린이공원,8,,,,,,,,,
662,3,골목상권,2110618,강서고등학교,4,,,,,,,,,
663,3,골목상권,2110899,낙성대역 5번(관악중학교),6,,,,,,,,,
664,3,전통시장,2130198,아현시장,8,,,,,,,,,
665,3,골목상권,2110337,아카데미하우스,15,,,,,,,,,
666,3,골목상권,2110310,길음역 10번,6,,,,,,,,,
667,3,골목상권,2110261,사가정역 4번,10,,,,,,,,,
668,3,골목상권,2110059,새남터성지,9,1.0,,,,,,,,
669,3,골목상권,2111074,명일역 1번,2,,,,,,,,,
670,3,골목상권,2111076,둔촌2동주민센터,16,3.0,1.0,,,,,,,
671,3,골목상권,2110183,한국의류시험연구원,7,,,,,,,,,
672,3,골목상권,2111029,오금역 4번,5,1.0,,,,,,,,
673,3,골목상권,2111037,Sh수협은행 오금동금융센터(아랫말어린이공원),3,,1.0,,,,,,,
674,3,골목상권,2110818,신대방역 3번,6,,,,,,,,,
675,3,발달상권,2120126,디지털단지오거리,11,,,,,,,,,
676,3,골목상권,2110448,상신초등학교입구,11,,,,,,,,,
677,3,발달상권,2120235,문정역,55,,5.0,,,,,,,
678,3,골목상권,2110845,사당종합체육관,7,,,,,,,,,
679,3,전통시장,2130299,엔터식스 강남점,11,,,,,,,,,
680,3,골목상권,2110492,하나고등학교,4,,,,,,,,,
681,3,전통시장,2130156,시영2단지 무지개종합상가(중계 무지개2단지아파트상가),8,,,,,,,,,
682,3,골목상권,2110484,역촌역 3번,9,,,,,,,,,
683,3,골목상권,2110384,문이교,3,,,,,,,,,
684,3,골목상권,2110462,갈현건영아파트,20,1.0,,,,,,,,
685,3,골목상권,2110835,상도역 1번,5,,,,,,,,,
686,3,골목상권,2110920,방배역 2번(백석예술대학교),9,,,5.0,,,,,,
687,3,골목상권,2110470,신진과학기술고등학교,5,,,,,,,,,
688,3,골목상권,2110867,국제신학대학원대학교(남서울중학교),10,1.0,,1.0,,,,,,
689,3,골목상권,2110783,영등포시장역 1번,5,,,,,,,,,
690,3,골목상권,2110775,대동초등학교,8,1.0,,,,,,,,
691,3,골목상권,2110764,문래역 3번,7,,,,,,,,,
692,3,골목상권,2110879,신림현대아파트,11,1.0,,,,,,,,
693,3,골목상권,2110518,서대문구청,6,,,,,,,,,
694,3,골목상권,2110284,정릉북한산국립공원입구,8,,,,,,,,,
695,3,골목상권,2110289,북한산보국문역 2번,19,1.0,,,,,,,,
696,3,골목상권,2110266,면목동우체국,11,,,,,,,,,
697,3,골목상권,2110155,광진구청,5,,1.0,1.0,,,,,,
698,3,발달상권,2120019,경찰청앞교차로,17,,,,,,,,,
699,3,골목상권,2110112,행당역 2번,8,,,,,,,,,
700,3,전통시장,2130069,"한양대앞상점가(한양시장, 왕십리맛골목)",6,,,,,1.0,,,,
701,3,전통시장,2130324,길동복조리시장,5,,,,,,,,,
702,3,골목상권,2111075,굽은다리역 2번,9,1.0,,,,,,,,
703,3,골목상권,2111031,장지동주민센터(한림연예예술고교),5,1.0,1.0,,,,,,,
704,3,골목상권,2110948,헌인가구단지,4,,,,,,,,,
705,3,골목상권,2110843,사당5동주민센터,9,1.0,,,,,,,,
706,3,골목상권,2110746,금천금빛공원(은행나무사거리서측),4,,,,,,,,,
707,3,골목상권,2110745,독산동정훈단지,11,,,1.0,,,,,,
708,3,골목상권,2110831,상도4동주민센터,7,,,,,,,,,
709,3,전통시장,2130213,방신전통시장,2,,,,,,,,,
710,3,전통시장,2130227,고척골목시장상점가(그라운드 고척),9,,,,,,,,,
711,3,골목상권,2110674,강서구청가양동별관,13,2.0,,,,,,,,
712,3,골목상권,2110594,신월중학교,5,,,,,,,,,
713,3,골목상권,2110452,새절역 3번,26,,,,,,,,,
714,3,골목상권,2110859,난향초등학교,13,,,,,,,,,
715,3,골목상권,2110705,고산초등학교,5,,1.0,3.0,,,,,,
716,3,골목상권,2110792,영등포역 2번,19,,,,,,,,,
717,3,발달상권,2120042,"숙대입구역(남영역, 남영동)",42,2.0,1.0,,,,,,,
718,3,골목상권,2111084,길동신동아아파트,6,,,,,,,,,
719,3,전통시장,2130154,상계주공1단지(가)상가,2,1.0,,,,,,,,
720,3,골목상권,2110224,외대앞역 2번,7,,,,,,,,,
721,3,골목상권,2110201,전농119안전센터,7,,,,,,,,,
722,3,골목상권,2110029,동대문역 1번,17,,,,,,,,,
723,3,발달상권,2120010,원남동사거리,22,,1.0,2.0,,,,,,
724,3,골목상권,2110003,세검정초등학교,15,,1.0,,,,,,,
725,3,골목상권,2110005,세검정,15,2.0,1.0,,,,,,,
726,3,전통시장,2130150,창동골목시장,17,,,,,,,,,
727,3,골목상권,2110481,불광역 7번,21,1.0,,,,,,,,
728,3,골목상권,2110395,신한은행 방학동지점,18,,1.0,,,,,,,
729,3,전통시장,2130159,공릉동 도깨비시장,12,1.0,1.0,,,,,,,
730,3,골목상권,2110742,KT금천빌딩(금천구시설관리공단),9,2.0,,,,,,,,
731,3,골목상권,2110981,국악고교사거리,2,,,,,,,,,
732,3,발달상권,2120201,도곡1동,36,,5.0,,,,,,,
733,3,발달상권,2120219,은마아파트,57,,6.0,,,,,,,
734,3,골목상권,2110860,호림박물관(성보고등학교),10,,,,,,,,,
735,3,골목상권,2110863,난우초등학교,15,,,,,,,,,
736,3,골목상권,2110865,남강고등학교(남강중학교),44,1.0,1.0,,,,,,,
737,3,전통시장,2130279,관악신사시장,14,1.0,1.0,,,,,,,
738,3,골목상권,2110875,보라매동주민센터(당곡고등학교),8,1.0,,,,,,,,
739,3,골목상권,2110806,서울시립영등포장애인복지관,5,1.0,,,,,,,,
740,3,발달상권,2120146,한강성심병원,16,1.0,3.0,,,,,,,
741,3,골목상권,2110798,신풍역 2번,7,,,,,,,,,
742,3,골목상권,2110811,보라매역 4번,5,,,,,,,,,
743,3,골목상권,2110791,신풍역 3번,13,,,,,,,,,
744,3,골목상권,2110780,신길대성유니드아파트,10,,,,,,,,,
745,3,골목상권,2110814,서울지방병무청,18,,,,,,,,,
746,3,골목상권,2110888,청룡동주민센터,11,2.0,,,,,,,,
747,3,골목상권,2110785,영등포푸르지오아파트,14,1.0,,,,,,,,
748,3,발달상권,2120159,서울대입구역,107,1.0,6.0,,,,,,,
749,3,골목상권,2110758,문래소공원,3,,,,,,,,,
750,3,골목상권,2110559,성산중학교,7,,,,,,,,,
751,3,골목상권,2110580,양원초등학교,5,,,,,,,,,
752,3,발달상권,2120107,공덕역(공덕오거리),97,2.0,10.0,,,,,,,
753,3,발달상권,2120097,충정로역,26,1.0,3.0,,,,,,,
754,3,발달상권,2120136,영등포구청역,51,3.0,3.0,,,,,,,
755,3,골목상권,2110369,성신여대운정그린캠퍼스,20,,,,,,,,,
756,3,발달상권,2120077,미아역,55,,3.0,,,,,,,
757,3,골목상권,2110359,수유시장옆,2,,,,,,,,,
758,3,골목상권,2110333,돌곶이역 5번,16,,1.0,,,,,,,
759,3,발달상권,2120070,한성대입구역,48,,3.0,,,,,,,
760,3,전통시장,2130125,장위전통시장,8,1.0,,,,,,,,
761,3,전통시장,2130122,밤나무골시장,3,,,,,,,,,
762,3,발달상권,2120073,미아사거리,33,3.0,,,,,,,,
763,3,골목상권,2110357,가오리역 1번,8,1.0,,,,,,,,
764,3,전통시장,2130120,돈암시장(돈암제일시장),14,,,,,,,,,
765,3,골목상권,2110309,대광초등학교,4,,,,,,,,,
766,3,골목상권,2110497,가좌역 3번,26,,2.0,,,,,,,
767,3,골목상권,2110272,신내1동주민센터,29,1.0,1.0,,,,,,,
768,3,골목상권,2110250,화랑대역 7번,4,,,,,,,,,
769,3,골목상권,2110274,서일대학교,29,,,2.0,,,,,,
770,3,골목상권,2110241,먹골역 5번,29,2.0,2.0,,,,,,,
771,3,골목상권,2110236,신묵초등학교,15,1.0,,,,,,,,
772,3,골목상권,2110243,중랑노인종합복지관,21,,,,,,,,,
773,3,골목상권,2110158,중곡3동주민센터,31,1.0,,,,,,,,
774,3,골목상권,2110146,신자초등학교,12,,,,,,,,,
775,3,골목상권,2110082,용산구청,7,3.0,1.0,,,,,,,
776,3,골목상권,2110080,해방촌예술마을,18,,,,,,,,,
777,3,전통시장,2130053,백학시장,23,1.0,,,,,,,,
778,3,전통시장,2130049,신당 미래유산 먹거리 골목형상점가,9,1.0,,,,,,,,
779,3,전통시장,2130031,청계천공구상가,3,,,,,,,,,
780,3,전통시장,2130035,방산종합시장(방산시장),19,,3.0,,,1.0,,,,
781,3,발달상권,2120036,장충동족발거리(남소영길),16,1.0,1.0,,,,,,,
782,3,발달상권,2120031,을지로3가역,65,4.0,3.0,,,,,,,
783,3,골목상권,2110122,마장역 2번,26,,2.0,,,,,,,
784,3,골목상권,2110376,수송초등학교,14,,,,,,,,,
785,3,골목상권,2110068,남영역 1번,20,3.0,1.0,6.0,,,,,,
786,3,골목상권,2111077,길동주민센터(강동도서관),35,3.0,,,,,,,,
787,3,전통시장,2130320,암사종합시장,12,,,,,,,,,
788,3,골목상권,2111061,암사역 1번,13,1.0,,,,,,,,
789,3,골목상권,2111059,강동역 4번(강풀만화거리),27,1.0,1.0,,,,,,,
790,3,발달상권,2120248,명일역,90,3.0,3.0,,,,,,,
791,3,골목상권,2111060,암사역 2번(서울강동초등학교),32,,,,,,,,,
792,3,골목상권,2111004,삼전역 1번,36,2.0,1.0,,,,,,,
793,3,골목상권,2111026,문정역 2번,17,1.0,1.0,,,,,,,
794,3,발달상권,2120240,개롱역,35,,4.0,,,,,,,
795,3,골목상권,2111016,송파역 2번,11,3.0,,,,,,,,
796,3,발달상권,2120239,오금역,24,2.0,2.0,,,,,,,
797,3,골목상권,2111032,방이역 1번,7,,,,,,,,,
798,3,골목상권,2111044,남천초등학교,17,1.0,,,,,,,,
799,3,발달상권,2120242,강동구청역,44,2.0,3.0,,,,,,,
800,3,골목상권,2111088,고덕동성당,11,,,,,,,,,
801,3,골목상권,2110399,창2동주민센터,24,1.0,,,,,,,,
802,3,골목상권,2111021,방이역 4번,21,2.0,,,,,,,,
803,3,골목상권,2110225,촬영소사거리,6,,,,,,,,,
804,3,발달상권,2120199,경복아파트교차로,10,,1.0,,,,,,,
805,3,발달상권,2120166,방배역,91,5.0,4.0,5.0,,,,,,
806,3,골목상권,2110922,내방역 1번,4,1.0,,,,,,,,
807,3,발달상권,2120181,교육개발원입구사거리,20,3.0,2.0,,,,,,,
808,3,발달상권,2120165,서래마을카페거리(서래마을),35,1.0,5.0,,,,,,,
809,3,골목상권,2110908,구반포역,11,,3.0,,,1.0,,,,
810,3,발달상권,2120172,교대입구교차로,63,1.0,7.0,2.0,,,,,,
811,3,골목상권,2110035,동묘앞역 2번,12,1.0,,,,,,,,
812,3,발달상권,2120192,뱅뱅사거리,87,2.0,13.0,,,,,,,
813,3,골목상권,2110821,보라매역 2번,12,,,,,,,,,
814,3,전통시장,2130268,상도전통시장,20,1.0,,,,,,,,
815,3,골목상권,2110833,상도역 2번,11,,,,,,,,,
816,3,골목상권,2110748,백산초등학교,12,,,,,,,,,
817,3,발달상권,2120179,양재역,122,3.0,12.0,,,,,,,
818,3,전통시장,2130236,비단길현대시장(현대시장),29,,1.0,,,,,,,
819,3,골목상권,2110732,가산초등학교(세일중학교),20,,1.0,,,,,,,
820,3,골목상권,2110685,금강수목원아파트,4,,,,,,,,,
821,3,골목상권,2110686,수궁동주민센터,31,2.0,,,,1.0,,,,
822,3,골목상권,2110718,한국SGI본부,17,1.0,,,,,,,,
823,3,골목상권,2110720,대림역 2번,20,,,,,,,,,
824,3,골목상권,2110656,까치산역 3번,61,1.0,,,,,,,,
825,3,발달상권,2120020,시청역_1번,31,4.0,4.0,,,,,,,
826,3,전통시장,2130214,송화벽화시장(송화골목시장),29,,1.0,,,,,,,
827,3,골목상권,2110689,오류동역 3번,12,3.0,,,,,,,,
828,3,골목상권,2110634,송정역 3번,27,1.0,1.0,,,,,,,
829,3,전통시장,2130202,신영시장,6,,,,,,,,,
830,3,골목상권,2110456,구산보건지소,17,2.0,,,,,,,,
831,3,발달상권,2120111,목동사거리,42,1.0,1.0,,,,,,,
832,3,골목상권,2110446,내를건너서숲으로도서관,7,1.0,,,,,,,,
833,3,발달상권,2120195,성수대교남단,51,,8.0,,,,,,,
834,3,골목상권,2110605,목동센트럴아이파크앞,9,1.0,1.0,,,,,,,
835,3,골목상권,2110488,우리은행응암동지점,14,,3.0,,,,,,,
836,3,골목상권,2110477,은평세무서,19,3.0,2.0,,,,,,,
837,3,골목상권,2110457,예일여고,10,,,,,,,,,
838,3,골목상권,2110483,연천초등학교,5,,,,,,,,,
839,3,발달상권,2120062,신설동역,84,4.0,6.0,,,1.0,,,,
840,3,골목상권,2110586,서울서부지방법원,22,1.0,1.0,,,,,,,
841,3,골목상권,2110629,송정역 4번,1,,,,,,,,,
842,3,골목상권,2110800,영등포동성당,1,,,,,,,,,
843,3,전통시장,2130245,영일시장,4,,,,,,,,,
844,3,전통시장,2130030,을지로지하보도쇼핑센터(을지입구지하상가),1,,,,,,,,,
845,3,전통시장,2130286,신신림시장(삼성동시장),1,,,,,,,,,
846,3,전통시장,2130077,조양시장,1,,,,,,,,,
847,3,골목상권,2110726,금천철쭉어린이공원(금하마을),3,,,,,,,,,
848,3,전통시장,2130099,전농로터리시장,5,,1.0,,,,,,,
849,3,골목상권,2110841,중대부중,1,,,,,,,,,
850,3,골목상권,2110603,지향초등학교,11,,,,,,,,,
851,3,골목상권,2110506,연희임광아파트,2,,,,,,,,,
852,3,발달상권,2120115,김포공항역(김포공항),8,,,,,,,,,
853,3,전통시장,2130145,쌍문역둘리상점가,4,1.0,,,,,,,,
854,3,골목상권,2110882,신성초등학교,17,1.0,,,,,,,,
855,3,전통시장,2130191,홍대 걷고싶은 거리,4,,,,,,,,,
856,3,전통시장,2130113,신아타운,14,1.0,2.0,,,,,,,
857,3,전통시장,2130084,신성시장(신성골목시장),11,,1.0,,,,,,,
858,3,골목상권,2111070,천호초등학교,7,,,,,,,,,
859,3,골목상권,2110622,달마을공원,8,1.0,,,,,,,,
860,3,골목상권,2111081,둔촌푸르지오아파트,4,,1.0,,,,,,,
861,3,골목상권,2110028,이화달팽이길,14,1.0,,2.0,,,,,,
862,3,골목상권,2110930,서초동성당,8,,,,,,,,,
863,3,골목상권,2110034,창신1동주민센터,4,1.0,,,,,,,,
864,3,골목상권,2110194,홍파초등학교,4,,,,,,,,,
865,3,골목상권,2110188,용두동신동아아파트,8,1.0,,,,,,,,
866,3,골목상권,2110996,대치2동주민센터,8,2.0,,,,,,,,
867,3,전통시장,2130257,영등포시장기계공구상가,2,,,,,,,,,
868,3,전통시장,2130119,정릉아리랑시장,12,,1.0,,,,,,,
869,3,골목상권,2110276,신내IC북측,5,,,,,,,,,
870,3,골목상권,2110281,길상사,14,1.0,,4.0,,,,,,
871,3,전통시장,2130010,종로신진시장,11,,,,,,,,,
872,3,골목상권,2110067,배문고등학교,14,,1.0,3.0,,,,,,
873,3,전통시장,2130301,양재시장,3,,,,,,,,,
874,3,골목상권,2110924,반포4동주민센터(몽마르뜨공원),2,1.0,,,,,,,,
875,3,골목상권,2110739,시흥3동 우편취급국,6,1.0,,,,,,,,
876,3,골목상권,2110741,독산2동주민센터,10,1.0,,,,,,,,
877,3,골목상권,2110708,화원어린이공원,5,1.0,,,,,,,,
878,3,골목상권,2110728,두산초등학교,10,,,,,,,,,
879,3,골목상권,2110611,신정역 1번,5,1.0,,,,,,,,
880,3,골목상권,2110190,고대앞사거리,6,,,,,,,,,
881,3,골목상권,2110628,신목동역,6,,,,,,,,,
882,3,전통시장,2130165,"대림골목시장(대림시장, 양지시장)",9,,,,,2.0,,,,
883,3,골목상권,2110707,구로창업지원센터,12,,,,,,,,,
884,3,골목상권,2110599,신월1파출소,13,,,,,,,,,
885,3,골목상권,2110579,마포역 4번,3,1.0,,,,,,,,
886,3,발달상권,2120117,강서농산물도매시장,8,,1.0,,,1.0,,,,
887,3,발달상권,2120098,DMC(디지털미디어시티),72,3.0,9.0,,,,,,,
888,3,골목상권,2110453,신사1동주민센터,25,2.0,,,,,,,,
889,3,골목상권,2110234,중랑역 4번,13,,,,,,,,,
890,3,발달상권,2120089,구파발역,8,,1.0,,,,,,,
891,3,전통시장,2130157,상계중앙시장,18,1.0,1.0,,,,,,,
892,3,골목상권,2110431,상계역,27,,1.0,,,,,,,
893,3,골목상권,2110432,대진고등학교,12,1.0,,,,,,,,
894,3,골목상권,2110418,광운대학교 남단,14,,,2.0,,,,,,
895,3,골목상권,2110489,불광역 3번,2,,,,,,,,,
896,3,골목상권,2110211,전곡마을마당공원,14,,,,,,,,,
897,3,골목상권,2110205,경희대삼거리,12,1.0,,,,,,,,
898,3,골목상권,2110531,홍지문,9,,,,,,,,,
899,3,발달상권,2120007,북촌(안국역),36,2.0,5.0,,,,,,,
900,3,전통시장,2130221,"남부골목시장(남부화곡시장, 남부시장)",33,1.0,1.0,,,,,,,
901,3,골목상권,2110926,신중초등학교,7,,,,,,,,,
902,3,발달상권,2120005,삼청동,16,3.0,1.0,2.0,,,,,,
903,3,골목상권,2110032,수족관거리,4,1.0,1.0,,,,,,,
904,3,골목상권,2110840,중앙대학교,14,,,,,,,,,
905,3,골목상권,2110832,노량진초등학교,13,1.0,1.0,,,,,,,
906,3,골목상권,2110647,화곡역 5번,12,,,,,,,,,
907,3,전통시장,2130310,강남개포시장,30,,3.0,,,,,,,
908,3,골목상권,2110997,대청초등학교,45,1.0,,,,,,,,
909,3,발달상권,2120198,구역삼세무서,33,2.0,3.0,,,,,,,
910,3,발달상권,2120231,가락시장,25,1.0,4.0,,,1.0,,,,
911,3,발달상권,2120204,르네상스호텔사거리,30,1.0,7.0,,,,,,,
912,3,골목상권,2110983,국립국악고등학교,3,1.0,,,,,,,,
913,3,골목상권,2110988,청담역 3번,2,,,,,,,,,
914,3,발달상권,2120003,광화문역,116,6.0,27.0,,,,,,,
915,3,골목상권,2110893,관악소방서(문영여고),1,,,,,,,,,
916,3,골목상권,2110858,신대방역 1번,7,1.0,,,,,,,,
917,3,골목상권,2110880,신림역 1번,7,1.0,,,,,,,,
918,3,전통시장,2130285,서원동상점가,31,1.0,,,,,,,,
919,3,골목상권,2110901,인헌고등학교(인헌중학교),18,,,,,,,,,
920,3,골목상권,2110895,샤로수길,23,2.0,,,,,,,,
921,3,골목상권,2110805,신길새마을금고신길4동지점,6,,,,,,,,,
922,3,발달상권,2120145,영등포역(영등포),200,4.0,11.0,1.0,,,30.0,,,
923,3,골목상권,2110760,선유도역 6번,22,2.0,1.0,,,,,,,
924,3,전통시장,2130241,선유도역 골목형상점가,14,2.0,1.0,,,,,,,
925,3,골목상권,2110762,선유도역 1번,51,4.0,3.0,,,,,,,
926,3,골목상권,2110817,대방역 4번,10,1.0,,,,,,,,
927,3,발달상권,2120138,당산2동(영등포우체국),22,3.0,2.0,,,,,,,
928,3,발달상권,2120158,녹두거리(대학동),41,1.0,2.0,,,,,,,
929,3,골목상권,2110560,마포FM,9,,1.0,,,,,,,
930,3,골목상권,2110576,대흥역 3번,11,,1.0,,,,,,,
931,3,골목상권,2110582,이대역 5번,16,,,,,,,,,
932,3,발달상권,2120148,국회의사당역(국회의사당),70,2.0,16.0,,,,,,,
933,3,골목상권,2110503,명지대학교교회,29,,1.0,2.0,,,,,,
934,3,골목상권,2110516,정원여중,10,,,,,,,,,
935,3,발달상권,2120103,홍대입구역(홍대),91,3.0,6.0,,,,,,,
936,3,전통시장,2130129,장미원골목시장,8,1.0,1.0,,,,,,,
937,3,전통시장,2130143,방천골목시장,6,,,,,,,,,
938,3,골목상권,2110537,충정로현대아파트,18,1.0,1.0,1.0,,,,,,
939,3,골목상권,2110360,수유초등학교,23,1.0,,,,,,,,
940,3,발달상권,2120076,수유역,189,3.0,8.0,,,,24.0,,,
941,3,골목상권,2110283,성북초등학교앞,7,,1.0,,,,,,,
942,3,골목상권,2110294,서경대학교,24,2.0,1.0,1.0,,,,,,
943,3,발달상권,2120095,홍제역,98,4.0,2.0,,,,,,,
944,3,골목상권,2110298,솔숲어린이공원,5,1.0,,,,,,,,
945,3,골목상권,2110302,보문역 8번,18,,1.0,,,,,,,
946,3,골목상권,2110269,용마문화복지센터,11,,,,,,,,,
947,3,골목상권,2110263,면목역 1번,17,,,,,3.0,,,,
948,3,골목상권,2110264,면목역 2번,32,2.0,,,,2.0,,,,
949,3,골목상권,2110314,종암경찰서,33,3.0,,,,,,,,
950,3,발달상권,2120072,성신여대,94,,5.0,2.0,,,,,,
951,3,발달상권,2120008,인사동,50,1.0,4.0,,,,,,,
952,3,골목상권,2110150,중곡1동 마을마당,7,,,,,,,,,
953,3,전통시장,2130067,왕십리도선동상점가,35,,1.0,,,,,,,
954,3,전통시장,2130072,성동용답상가시장,26,1.0,1.0,,,,,,,
955,3,골목상권,2110132,성수2가3동주민센터,7,1.0,,,,,,,,
956,3,골목상권,2110129,성원어린이공원,2,,,,,,,,,
957,3,골목상권,2110265,망우역 1번,20,1.0,,,,,,,,
958,3,골목상권,2110119,마장지하차도,1,,,,,,,,,
959,3,발달상권,2120038,약수역,80,3.0,3.0,,,,,,,
960,3,전통시장,2130041,신평화패션타운(청계6가 지하도상가),3,,1.0,,,,,,,
961,3,발달상권,2120033,을지로4가역,28,,2.0,,,,,,,
962,3,발달상권,2120032,충무로역,73,3.0,5.0,1.0,,,,,,
963,3,발달상권,2120030,중부경찰서(영화인의거리),40,4.0,5.0,,,,,,,
964,3,발달상권,2120028,명동(명동거리),166,4.0,13.0,1.0,,,,,,
965,3,발달상권,2120026,을지로입구역,59,4.0,19.0,,,,,,,
966,3,발달상권,2120001,서대문역,81,4.0,6.0,1.0,,,,,,
967,3,발달상권,2120049,왕십리역(왕십리),70,3.0,1.0,,,,,,,
968,3,발달상권,2120048,금호역,44,,3.0,,,,,,,
969,3,골목상권,2110110,상왕십리역 6번,9,,,,,,,,,
970,3,골목상권,2110062,한강로동땡땡거리(은행나무길),26,4.0,1.0,,,1.0,,,,
971,3,발달상권,2120044,삼각지역,30,1.0,1.0,,,,,,,
972,3,골목상권,2110069,숙대입구,32,3.0,1.0,7.0,,,,,,
973,3,전통시장,2130027,명동지하쇼핑센터(소공동지하쇼핑센터),2,,,,,,,,,
974,3,관광특구,1001492,명동 남대문 북창동 다동 무교동 관광특구,426,14.0,57.0,1.0,1.0,2.0,,,,
975,3,발달상권,2120046,이태원(이태원역),56,2.0,5.0,,,3.0,,,,
976,3,골목상권,2110084,경리단길북측,24,2.0,1.0,,,,,,,
977,3,발달상권,2120246,길동역,129,1.0,8.0,,,,,,,
978,3,골목상권,2111067,강동구립성내도서관,8,1.0,,,,,,,,
979,3,발달상권,2120244,암사역,58,1.0,4.0,,,,,,,
980,3,골목상권,2111003,삼전역 4번,25,1.0,2.0,,,,,,,
981,3,골목상권,2111028,문현중학교(장지역 1번),11,,,,,,,,,
982,3,골목상권,2111007,석촌고분역 4번,10,,,,,,,,,
983,3,전통시장,2130315,문정동 로데오거리 상점가(문정동 로데오거리),15,2.0,,,,,,,,
984,3,골목상권,2111020,방이동고분군(방산고등학교),5,,,,,,,,,
985,3,골목상권,2111046,마천역(마천초등학교),53,4.0,1.0,,,,,,,
986,3,발달상권,2120233,몽촌토성역,32,,2.0,,,,,,,
987,3,골목상권,2110463,응암3동주민센터,17,1.0,,,,,,,,
988,3,발달상권,2120234,가락시장역,62,1.0,6.0,,,,,,,
989,3,발달상권,2120017,동묘앞역(동묘),49,3.0,2.0,,,,,,,
990,3,발달상권,2120086,태릉입구역,24,1.0,1.0,,,,,,,
991,3,전통시장,2130313,방이시장,33,,1.0,,,,,,,
992,3,발달상권,2120208,청담사거리(청담동명품거리),93,5.0,7.0,1.0,,,,,,
993,3,전통시장,2130304,신사상가,7,,1.0,,,1.0,,,,
994,3,발달상권,2120149,여의도역(여의도),161,5.0,41.0,,,,,,,
995,3,발달상권,2120200,학동사거리,78,1.0,4.0,,,,,,,
996,3,골목상권,2110945,본마을노인복지센터(서초구립내곡도서관),7,,,,,,,,,
997,3,골목상권,2110944,서울나래학교(염곡어린이공원),9,2.0,,,,1.0,,,,
998,3,골목상권,2110942,염곡동 구룡사(포이동성당),8,,,,,,,,,
999,3,골목상권,2110907,방배초등학교,7,,,,,,,,,
1000,3,발달상권,2120178,신사역,167,2.0,7.0,,,,,,,
1001,3,발달상권,2120213,삼성중앙역,41,2.0,3.0,,,,,,,
1002,3,발달상권,2120162,방배동카페골목,21,,,,,,,,,
1003,3,골목상권,2110933,한국상담대학원대학교,3,,,1.0,,,,,,
1004,3,발달상권,2120167,고속터미널(고속터미널역),78,1.0,8.0,,,,,,,
1005,3,골목상권,2110943,법제교육센터(버들어린이공원),7,,1.0,,,,,,,
1006,3,골목상권,2110830,상도초등학교,11,2.0,,,,,,,,
1007,3,전통시장,2130274,사당1동먹자골목상점가(사당1동먹자골목),16,,2.0,,,,,,,
1008,3,골목상권,2110743,시흥초등학교(시흥1동우체국),15,2.0,,,,,,,,
1009,3,골목상권,2110744,독산동성당,20,2.0,,,,,,,,
1010,3,골목상권,2110729,가산동우체국,23,1.0,,,,,,,,
1011,3,발달상권,2120205,매봉역,23,1.0,1.0,,,,,,,
1012,3,골목상권,2110714,구로4동주민센터,35,2.0,,,,1.0,,,,
1013,3,골목상권,2110654,까치산역 4번,30,1.0,,,,,,,,
1014,3,골목상권,2110638,신방화역 2번,32,,1.0,,,,,,,
1015,3,골목상권,2110657,양천향교역 5번,13,1.0,1.0,,,,,,,
1016,3,전통시장,2130217,화곡본동시장,9,,,,,,,,,
1017,3,골목상권,2110671,등촌1동주민센터,12,1.0,,,,,,,,
1018,3,골목상권,2110630,공항시장역 1번,25,1.0,,,,,,,,
1019,3,골목상권,2110600,신월7동주민센터,13,3.0,,,,,,,,
1020,3,전통시장,2130199,신월3동 골목시장,2,,,,,,,,,
1021,3,골목상권,2110620,목동보건지소,22,1.0,1.0,,,,,,,
1022,3,발달상권,2120113,오목교역,66,1.0,5.0,,,,,,,
1023,3,골목상권,2110617,등촌역 4번,9,,,,,,,,,
1024,3,골목상권,2110228,장안근린공원,16,2.0,,,,,,,,
1025,3,골목상권,2110695,개봉1동주민센터,25,2.0,1.0,,,,,,,
1026,3,발달상권,2120092,불광역,37,,1.0,,,,,,,
1027,3,골목상권,2110473,구산역 1번,18,1.0,,,,,,,,
1028,3,골목상권,2110454,선정중학교,5,1.0,,,,,,,,
1029,3,골목상권,2110467,은평요양병원,21,,,,,,,,,
1030,3,골목상권,2110475,백련산해모로아파트,10,,,,,,,,,
1031,3,골목상권,2110486,은평구청,8,,,,,,,,,
1032,3,발달상권,2120045,남영동 먹자골목,31,3.0,3.0,,,,,,,
1033,3,골목상권,2110187,제기동역 6번,24,,1.0,,,,,,,
1034,3,골목상권,2110120,서울숲카페거리,1,,,,,,,,,
1035,3,전통시장,2130092,청량리농수산물시장,3,,,,,,,,,
1036,3,전통시장,2130178,이대 앞 스타트업 상점가,1,1.0,,,,,,,,
1037,3,전통시장,2130316,마천시장,1,,,,,,,,,
1038,3,골목상권,2110921,서울프랑스학교,1,,,,,,,,,
1039,3,전통시장,2130220,등마루시장,1,,,,,,,,,
1040,3,골목상권,2110761,문래동남성맨션,3,,,,,,,,,
1041,3,전통시장,2130045,광희패션몰,1,,,,,1.0,,,,
1042,3,골목상권,2110959,신구중학교,3,,,,,,,,,
1043,3,골목상권,2110949,한남IC,3,,,,,,,,,
1044,3,발달상권,2120174,논현역 5번,2,,,,,,,,,
1045,3,골목상권,2110734,금천파출소,3,,,,,,,,,
1046,3,전통시장,2130126,새석관시장,2,,,,,1.0,,,,
1047,3,전통시장,2130118,정릉골 골목형상점가,11,,,,,,,,,
1048,3,골목상권,2110279,신내역 2번,13,,,,,,,,,
1049,3,골목상권,2111017,송파나루역 3번,6,1.0,,,,,,,,
1050,3,전통시장,2130212,공항시장,6,1.0,,,,2.0,,,,
1051,3,골목상권,2110422,노원역 9번,9,,,,,,,,,
1052,3,전통시장,2130003,종각지하쇼핑센터,3,,,,,1.0,,,,
1053,3,전통시장,2130152,오!도봉거리 상점가,8,,,,,,,,,
1054,3,전통시장,2130309,은마종합상점가,18,1.0,2.0,,,,,,,
1055,3,전통시장,2130253,영신상가(제일상가),1,,,,,,,,,
1056,3,골목상권,2110773,당산역 13번,2,,,,,,,,,
1057,3,전통시장,2130124,번동시장,1,,,,,1.0,,,,
1058,3,전통시장,2130074,영동교골목시장,1,,,,,,,,,
1059,3,전통시장,2130082,면곡골목시장,3,,,,,1.0,,,,
1060,3,골목상권,2110105,금동어린이공원,7,,,,,,,,,
1061,3,전통시장,2130042,약수시장,10,,1.0,,,,,,,
1062,3,전통시장,2130087,경동광성상가(경동시장),8,1.0,,,,,,,,
1063,3,골목상권,2110706,그라운드 고척,9,,,,,,,,,
1064,3,골목상권,2110699,덕의초등학교,13,,,,,,,,,
1065,3,골목상권,2110990,청담역 12번,4,,,,,,,,,
1066,3,골목상권,2110889,봉천역 6번,1,,,,,,,,,
1067,3,전통시장,2130283,신원시장,5,,,,,,,,,
1068,3,골목상권,2110782,영등포시장역 4번,8,2.0,,,,,,,,
1069,3,골목상권,2110587,공덕동주민센터,4,1.0,,,,,,,,
1070,3,골목상권,2110551,성서초등학교,6,,,,,,,,,
1071,3,골목상권,2110522,홍제역 3번,7,,,,,,,,,
1072,3,골목상권,2110561,상수역 4번,3,1.0,,,,,,,,
1073,3,골목상권,2110510,홍연시장,6,,,,,,,,,
1074,3,골목상권,2110380,강북문화정보도서관,6,,,,,,,,,
1075,3,골목상권,2110280,북정마을,13,,,,,,,,,
1076,3,골목상권,2110273,장스여성병원,22,,1.0,,,,,,,
1077,3,전통시장,2130105,장미제일시장(중화동제일시장),6,,,,,,,,,
1078,3,골목상권,2110127,성수1가1동주민센터,5,2.0,,,,,,,,
1079,3,골목상권,2110076,삼각지역 14번,4,2.0,,,,,,,,
1080,3,전통시장,2130038,"평화시장(통일상가, 동화상가)",17,,3.0,,,,,,,
1081,3,전통시장,2130047,테크노상가(엘리시움),5,,,,,,,,,
1082,3,전통시장,2130050,청평화시장,2,,,,,,,,,
1083,3,전통시장,2130096,동부시장,4,,,,,,,,,
1084,3,골목상권,2111064,둔촌동역 4번,3,1.0,,,,,,,,
1085,3,골목상권,2111058,성내중학교,4,,,,,,,,,
1086,3,골목상권,2111069,천호1동주민센터,9,2.0,,,,,,,,
1087,3,골목상권,2111000,대왕초등학교(세곡동사거리서남측),3,,,,,,,,,
1088,3,발달상권,2120064,경희대학교(경희대),16,,1.0,,,,,,,
1089,3,전통시장,2130266,만양로상점가,5,,,,,,,,,
1090,3,전통시장,2130196,공덕시장,10,,,,,1.0,,,,
1091,3,골목상권,2110999,윗방죽마을공원,10,,1.0,,,,,,,
1092,3,골목상권,2110687,"천왕역 3번(오류2동주민센터, 서울오류남초등학교)",13,,,,,,,,,
1093,3,골목상권,2110683,오류고등학교,5,,,,,,,,,
1094,3,골목상권,2110776,도신초등학교,13,,,,,1.0,,,,
1095,3,골목상권,2111090,강일동주민센터,22,4.0,1.0,,,,,,,
1096,3,골목상권,2110438,경춘선숲길 우측,33,1.0,1.0,,,,,,,
1097,3,골목상권,2110490,녹번동근린공원,11,,,,,1.0,,,,
1098,3,골목상권,2110210,서울시립대,13,1.0,,,,,,,,
1099,3,골목상권,2110219,삼육보건대학교,16,1.0,,,,,,,,
1100,3,골목상권,2110429,공릉동 국수거리,41,1.0,,,,1.0,,,,
1101,3,골목상권,2110649,우장산역 1번,13,,,,,,,,,
1102,3,골목상권,2110409,창동역 2번,8,1.0,,,,,,,,
1103,3,골목상권,2110404,신창초등학교,36,,,,,1.0,,,,
1104,3,골목상권,2111038,보인중학교,5,,,,,,,,,
1105,3,발달상권,2120085,은행사거리,50,,4.0,,,,,,,
1106,3,골목상권,2110229,장평중학교,13,1.0,,,,,,,,
1107,3,골목상권,2110416,노원초등학교,15,,,,,,,,,
1108,3,골목상권,2110415,수락산역 4번,47,1.0,1.0,,,,,,,
1109,3,발달상권,2120171,서초3동사거리,39,5.0,2.0,,,,,,,
1110,3,골목상권,2110953,학동근린공원,1,,,,,,,,,
1111,3,전통시장,2130235,대명여울빛거리시장(대명시장),36,1.0,3.0,,,,,,,
1112,3,발달상권,2120223,휘문고교사거리,9,,,,,,,,,
1113,3,골목상권,2110857,미성동주민센터,20,1.0,1.0,,,,,,,
1114,3,골목상권,2110877,신림역 8번,15,2.0,,,,,,,,
1115,3,골목상권,2110902,사당역 4번,25,3.0,,,,,,,,
1116,3,골목상권,2110897,서울대입구역 8번,7,1.0,,,,,,,,
1117,3,골목상권,2110873,당곡중학교,11,,,,,,,,,
1118,3,발달상권,2120144,영중로,21,,2.0,,,,,,,
1119,3,발달상권,2120157,신림역(신림),147,,4.0,,,,,,,
1120,3,골목상권,2110810,영신초등학교,25,,1.0,,,,,,,
1121,3,골목상권,2110881,구립대학경로당(관악산샘말공원),15,1.0,,,,,,,,
1122,3,골목상권,2110583,공덕래미안3차아파트,3,,,,,,,,,
1123,3,골목상권,2110545,마포구청역 1번,7,,,,,,,,,
1124,3,골목상권,2110553,가좌역 2번,6,1.0,,,,,,,,
1125,3,골목상권,2110584,아현역 4번,18,1.0,,,,,,,,
1126,3,골목상권,2110528,서울여자간호대학교,10,1.0,,,,,,,,
1127,3,골목상권,2110342,국립재활원,7,,,,,,,,,
1128,3,골목상권,2110345,솔밭공원역 2번,17,,,,,,,,,
1129,3,골목상권,2110370,도봉세무서,12,3.0,,,,,,,,
1130,3,골목상권,2110364,미아역 8번,19,,,1.0,,,,,,
1131,3,골목상권,2110377,미아사거리역 3번,8,,,,,,,,,
1132,3,골목상권,2110344,화계중학교,4,,,,,,,,,
1133,3,골목상권,2110358,인수동 우편취급국,17,,,,,,,,,
1134,3,골목상권,2110288,동구여중,12,,,,,,,,,
1135,3,골목상권,2110324,월곡역 4번,6,1.0,,,,,,,,
1136,3,골목상권,2110323,상월곡역 1번,14,,,2.0,,,,,,
1137,3,골목상권,2110361,삼양사거리역 1번,19,,1.0,,,,,,,
1138,3,전통시장,2130138,수유프라자,2,,1.0,,,,,,,
1139,3,전통시장,2130106,중랑동부시장,20,,1.0,,,1.0,,,,
1140,3,전통시장,2130076,능동로골목시장,4,,,,,,,,,
1141,3,골목상권,2110178,장로회신학대학교,3,,,,,,,,,
1142,3,골목상권,2110171,중곡4동주민센터,8,1.0,,,,,,,,
1143,3,골목상권,2110170,동대부여고,7,,,,,,,,,
1144,3,골목상권,2110161,중곡역 3번,22,1.0,1.0,,,,,,,
1145,3,전통시장,2130064,금남시장,17,,,,,,,,,
1146,3,골목상권,2110103,옥수터널,2,,,,,,,,,
1147,3,발달상권,2120050,서울숲역,5,,,,,,,,,
1148,3,골목상권,2110087,이태원엔틱가구거리,6,,,,,,,,,
1149,3,골목상권,2110086,이태원역 북측,3,3.0,,,,,,,,
1150,3,골목상권,2110078,이촌동점보아파트,9,,,,,1.0,,,,
1151,3,골목상권,2110060,효창공원앞역 6번,12,1.0,,,,,,,,
1152,3,발달상권,2120018,중림동,29,,2.0,1.0,,,,,,
1153,3,골목상권,2110050,약수역 7번,17,1.0,,,,,,,,
1154,3,골목상권,2110052,장충초등학교,15,,2.0,,,,,,,
1155,3,골목상권,2110071,한강미주맨션아파트,16,,5.0,,,,,,,
1156,3,골목상권,2110139,자양4동주민센터,25,4.0,,,,,,,,
1157,3,골목상권,2110128,성원중학교,36,2.0,1.0,,,,,,,
1158,3,발달상권,2120052,성수역,60,1.0,9.0,,,,,,,
1159,3,골목상권,2110113,응봉산,8,,,,,,,,,
1160,3,골목상권,2110033,창신역 4번,12,3.0,,,,,,,,
1161,3,전통시장,2130062,보광시장,4,,,,,,,,,
1162,3,골목상권,2111072,굽은다리역 1번(십자성마을),10,,,,,,,,,
1163,3,전통시장,2130322,고분다리전통시장,9,,,,,,,,,
1164,3,골목상권,2111079,둔촌고등학교(둔촌중학교),15,,1.0,,,,,,,
1165,3,발달상권,2120238,방이역,46,1.0,3.0,,,,,,,
1166,3,골목상권,2111066,암사동성당(효정하나플러스아파트),6,,,1.0,,1.0,,,,
1167,3,발달상권,2120241,거여역,49,,3.0,,,,,,,
1168,3,발달상권,2120229,방이동먹자골목,50,1.0,1.0,,,,,,,
1169,3,전통시장,2130314,풍납시장,21,1.0,,,,,,,,
1170,3,전통시장,2130146,쌍문시장(쌍문역골목시장),37,,3.0,,,,,,,
1171,3,발달상권,2120249,고덕역,60,1.0,5.0,,,,,,,
1172,3,골목상권,2110389,한일병원,6,,,,,,,,,
1173,3,발달상권,2120214,영동대교남단교차로,11,,1.0,,,,,,,
1174,3,발달상권,2120193,도산공원교차로,19,,4.0,,,,,,,
1175,3,관광특구,1001495,잠실 관광특구,149,3.0,13.0,,,,,,,
1176,3,골목상권,2110947,청계산입구역 2번(내곡동주민센터),4,,,,,,,,,
1177,3,골목상권,2110905,방배노인종합복지관(이수중학교),4,,,,,1.0,,,,
1178,3,발달상권,2120197,역삼역,172,2.0,25.0,,,,,,,
1179,3,발달상권,2120202,압구정로데오역(압구정로데오),77,1.0,4.0,,2.0,,,,,
1180,3,발달상권,2120207,선정릉역,72,4.0,4.0,1.0,,,,,,
1181,3,골목상권,2110936,더케이호텔(양재리본타워2단지아파트),5,,,,,,,,,
1182,3,발달상권,2120175,남부터미널역,79,2.0,7.0,,,,,,,
1183,3,발달상권,2120147,보라매역,50,3.0,1.0,,,,,,,
1184,3,골목상권,2110838,상도1동주민센터앞,8,,,,,,,,,
1185,3,전통시장,2130262,상도도깨비 골목형상점가,8,,,,,,,,,
1186,3,발달상권,2120170,삼호가든사거리,41,2.0,4.0,,,,,,,
1187,3,골목상권,2110716,구로나눔길,8,,,,,,,,,
1188,3,골목상권,2110713,구로보건소,27,2.0,,2.0,,,,,,
1189,3,발달상권,2120194,언주역(차병원),67,1.0,3.0,,,,11.0,,,
1190,3,전통시장,2130229,남구로시장,29,3.0,,,,,,,,
1191,3,골목상권,2110651,화원중학교,11,,,,,,,,,
1192,3,골목상권,2110643,강서구다솔마을,6,,,,,,,,,
1193,3,골목상권,2110675,화곡4동주민센터,11,2.0,,,,,,,,
1194,3,발달상권,2120122,강서구청,65,2.0,5.0,1.0,,,,,,
1195,3,골목상권,2110601,신월1동우편취급국,9,1.0,,,,,,,,
1196,3,전통시장,2130168,연서시장,24,,1.0,,,1.0,,,,
1197,3,골목상권,2110455,역촌노인복지관,21,2.0,2.0,,,,,,,
1198,3,골목상권,2110445,덕산중학교,3,,,,,,,,,
1199,3,전통시장,2130114,유영시장,1,,,,,1.0,,,,
1200,3,골목상권,2111043,마천공원,2,,,,,,,,,
1201,3,전통시장,2130232,독산동 맛나는거리상점가(독산동 맛나는거리),1,,,,,,,,,
1202,3,골목상권,2110993,개포지하차도 북측,2,,,,,,,,,
1203,3,골목상권,2110774,당산반도유보라팰리스아파트,2,,,,,,,,,
1204,3,전통시장,2130116,동성타워프라자,2,1.0,,,,,,,,
1205,3,골목상권,2110196,홍릉근린공원,3,,,,,,,,,
1206,3,전통시장,2130127,석관시장,1,,,,,,,,,
1207,3,전통시장,2130158,상계역전종합상가,4,,,,,,,,,
1208,3,골목상권,2110209,답십리 장령당공원,2,,,,,,,,,
1209,3,전통시장,2130252,영등포로타리지하도상점가,2,,,,,,,,,
1210,3,골목상권,2110523,홍제성원아파트,2,,,,,,,,,
1211,3,전통시장,2130079,한아름시장,2,,,,,,,,,
1212,3,골목상권,2110009,자하문터널,3,,,,,,,,,
1213,3,골목상권,2110984,포이초등학교(개포목련어린이공원),10,,,,,,,,,
1214,3,골목상권,2110771,대림역 11번,3,1.0,,,,,,,,
1215,3,골목상권,2110362,우이천 계성교,14,,,,,,,,,
1216,3,전통시장,2130040,남평화시장,1,,,,,1.0,,,,
1217,3,골목상권,2111019,한성백제역 3번,7,,,,,,,,,
1218,3,골목상권,2110970,학동초등학교,1,,,,,,,,,
1219,3,골목상권,2110844,흑석2치안센터,2,1.0,,,,,,,,
1220,3,골목상권,2110688,오류지구대,5,1.0,,,,,,,,
1221,3,골목상권,2110613,신정네거리역 4번,2,,,,,,,,,
1222,3,발달상권,2120140,문래동주민센터,11,1.0,2.0,,,,,,,
1223,3,전통시장,2130097,답십리 건축자재시장,2,,,,,,,,,
1224,3,골목상권,2110185,용두초등학교,3,,,,,,,,,
1225,3,골목상권,2110967,역삼역 8번,3,,,,,,,,,
1226,3,전통시장,2130293,봉천중앙시장,2,,,,,,,,,
1227,3,발달상권,2120135,양평역,4,,,,,,,,,
1228,3,골목상권,2110494,증산3교남측,3,,,,,,,,,
1229,3,전통시장,2130131,동북프라자,8,,,,,,,,,
1230,3,골목상권,2110530,아현역 1번,2,,,,,,,,,
1231,3,골목상권,2110285,홍대부중,6,,,,,,,,,
1232,3,발달상권,2120074,안암역,10,,,,,,,,,
1233,3,골목상권,2110045,동대문역사문화공원역 5번,8,,,,,,,,,
1234,3,골목상권,2110911,방배배수지체육공원,4,,,,,,,,,
1235,3,골목상권,2110917,서초소방서,3,,,,,,,,,
1236,3,골목상권,2110929,남부터미널역 1번,7,,,,,,,,,
1237,3,전통시장,2130264,상도약수골목형상점가,2,,,,,,,,,
1238,3,골목상권,2110978,도곡2동주민센터(대치중학교),3,1.0,1.0,,,,,,,
1239,3,골목상권,2110698,개웅초등학교(개웅중학교),14,,,,,,,,,
1240,3,골목상권,2111002,한국교통안전공단 강남자동차검사소,5,,,,,,,,,
1241,3,골목상권,2110680,온수역 5번(온수산업단지),10,,,,,,,,,
1242,3,골목상권,2111011,잠실나루역,16,,3.0,,,,,,,
1243,3,전통시장,2130059,후암시장,11,,,,,,,,,
1244,3,골목상권,2110423,석계역 2번,21,,,,,,,,,
1245,3,전통시장,2130155,시영B상가(중계 그린아파트 B 상가),3,,,,,,,,,
1246,3,골목상권,2110001,이북5도청사,12,1.0,,,,,,,,
1247,3,골목상권,2110023,서울대병원,10,,,,,,,,,
1248,3,골목상권,2110221,의릉,8,,,2.0,,,,,,
1249,3,골목상권,2110412,창동중학교,3,,,,,,,,,
1250,3,전통시장,2130020,동묘시장(동묘벼룩시장),6,1.0,,,,,,,,
1251,3,골목상권,2110866,난우중학교,10,1.0,,,,,,,,
1252,3,골목상권,2110767,도림동주민센터,6,1.0,,,,,,,,
1253,3,골목상권,2110567,광흥창역 6번,7,1.0,1.0,,,,,,,
1254,3,전통시장,2130192,동진시장,1,,,,,,,,,
1255,3,골목상권,2110781,대림한신아파트,6,,,,,,,,,
1256,3,골목상권,2110520,경의중앙 신촌역,6,,,,,,,,,
1257,3,골목상권,2110536,돈의문센트레빌아파트입구,3,,,,,,,,,
1258,3,골목상권,2110353,수유동우체국,14,1.0,,,,,,,,
1259,3,골목상권,2110351,수유북부시장옆,3,1.0,,,,,,,,
1260,3,골목상권,2110311,종암아이파크2차후문,8,,,,,,,,,
1261,3,골목상권,2110083,서빙고역 1번,3,,,,,,,,,
1262,3,전통시장,2130073,뚝도시장,9,,,,,2.0,,,,
1263,3,전통시장,2130089,청량리수산시장,3,,,,,,,,,
1264,3,골목상권,2110237,메가박스 상봉,23,1.0,,,,,,,,
1265,3,전통시장,2130066,행당시장상점가,27,1.0,1.0,,,1.0,,,,
1266,3,골목상권,2111010,석촌역 7번,7,,,,,,,,,
1267,3,골목상권,2110966,논현2동주민센터,5,,,,,,,,,
1268,3,골목상권,2110692,큰굴다리,5,,,,,,,,,
1269,3,골목상권,2110498,증산역 1번,5,,,,,,,,,
1270,3,골목상권,2110998,은곡마을(은곡마을공원),16,,,,,,,,,
1271,3,골목상권,2110696,오류동역 1번,8,,,,,,,,,
1272,3,골목상권,2110684,서울공연예술고등학교,12,,,,,,,,,
1273,3,발달상권,2120137,문래역(문래로데오거리),14,,,,,,,,,
1274,3,골목상권,2110108,성동구립금호도서관,10,1.0,,,,,,,,
1275,3,발달상권,2120118,마곡역(마곡),36,,6.0,,,,,,,
1276,3,골목상권,2110430,중계초등학교,11,,,,,,,,,
1277,3,전통시장,2130153,창동역상점가,15,,,,,,,,,
1278,3,골목상권,2110204,간데메공원,18,1.0,1.0,,,,,,,
1279,3,골목상권,2110193,고려대역 4번,11,1.0,,,,,,,,
1280,3,전통시장,2130088,경동시장,15,,2.0,,,3.0,,,,
1281,3,골목상권,2110393,국민은행방학지점,14,,1.0,,,,,,,
1282,3,골목상권,2110410,방학역 2번,22,,,,,,,,,
1283,3,골목상권,2110010,평창동서측,36,1.0,,,,,,,,
1284,3,골목상권,2110018,중앙고등학교,13,1.0,,,,,,,,
1285,3,골목상권,2110969,베르사이유1아파트,4,,,,,,,,,
1286,3,골목상권,2110421,석계역 1번,20,,,,,,,,,
1287,3,골목상권,2110199,홍릉시장,16,,,,,,,,,
1288,3,골목상권,2110874,원신초등학교(구세군관악영문교회),13,,,,,,,,,
1289,3,전통시장,2130281,우림시장,4,,,,,1.0,,,,
1290,3,전통시장,2130289,봉일시장,3,,,,,,,,,
1291,3,골목상권,2110871,신원동주민센터,12,2.0,,,,,,,,
1292,3,전통시장,2130284,관악종합시장(신원시장),4,,,,,,,,,
1293,3,골목상권,2110892,관악구 중앙길,41,1.0,,,,,,,,
1294,3,골목상권,2110896,관악우성아파트,15,,,,,,5.0,,,
1295,3,골목상권,2110861,관악구신사동주민센터,25,1.0,1.0,1.0,,,,,,
1296,3,골목상권,2110784,신대림초등학교,4,,,,,,,,,
1297,3,골목상권,2110804,신풍역 1번,17,2.0,,,,,,,,
1298,3,골목상권,2110813,보라매역 6번,20,1.0,,,,1.0,,,,
1299,3,골목상권,2110809,장훈고등학교,12,,,,,,,,,
1300,3,골목상권,2110815,공군호텔,29,2.0,1.0,,,,9.0,,,
1301,3,골목상권,2110770,영등포구청역 6번,8,,,,,,,,,
1302,3,전통시장,2130240,영등포유통상가,4,,1.0,,,,,,,
1303,3,전통시장,2130183,상암동상점가,11,2.0,,,,,,,,
1304,3,골목상권,2110564,홍대입구역 3번,4,,,,,,,,,
1305,3,골목상권,2110501,연희어린이공원,7,,,,,,,,,
1306,3,골목상권,2110513,연희파출소,12,2.0,2.0,,,,,,,
1307,3,전통시장,2130175,신촌 상인회(신촌상점가),5,,,,,,,,,
1308,3,전통시장,2130179,"이화여대 3,5,7길 상점가",3,,,,,,,,,
1309,3,발달상권,2120096,"이화여대(이대역, 이대)",72,2.0,2.0,1.0,,,,,,
1310,3,골목상권,2110350,가오리역 2번,10,2.0,,,,,,,,
1311,3,골목상권,2110348,강북문화예술회관,11,,,,,,,,,
1312,3,골목상권,2110371,삼양입구사거리,13,,1.0,,,,,,,
1313,3,골목상권,2110365,미아역 5번,6,2.0,,,,,,,,
1314,3,발달상권,2120078,미아사거리역,57,1.0,1.0,,1.0,,,,,
1315,3,골목상권,2110355,삼양사거리역 2번,24,,,,,,,,,
1316,3,발달상권,2120011,종로4가,29,2.0,2.0,,,,,,,
1317,3,골목상권,2110315,종암아이파크2차,24,,,,,,,,,
1318,3,골목상권,2110296,성신여대입구역 4번,11,1.0,,,,,,,,
1319,3,골목상권,2110300,삼선동주민센터,21,4.0,1.0,1.0,,,,,,
1320,3,골목상권,2110330,돌곶이역 1번,4,,,,,,,,,
1321,3,골목상권,2110308,길음역 8번,20,,,,,,,,,
1322,3,골목상권,2110287,정릉3동주민센터,7,1.0,,1.0,,,,,,
1323,3,골목상권,2110304,보문역 4번,16,,,,,,,,,
1324,3,골목상권,2110327,상월곡역 2번,10,1.0,1.0,,,,,,,
1325,3,골목상권,2110277,러스크서울병원,16,,,,,,,,,
1326,3,골목상권,2110316,숭곡초등학교,31,,1.0,,,,,,,
1327,3,전통시장,2130107,중랑동부시장(중랑교종합상가),1,,,,,,,,,
1328,3,발달상권,2120068,사가정역,37,1.0,1.0,,,,,,,
1329,3,골목상권,2110174,아차산역 1번,9,,,,,,,,,
1330,3,골목상권,2110255,상봉역 4번,18,2.0,,,,,,,,
1331,3,전통시장,2130063,신금호역 골목형상점가,13,,,,,,,,,
1332,3,골목상권,2110137,성수초등학교,14,1.0,5.0,,,,,,,
1333,3,골목상권,2110075,숙대입구역 1번,15,1.0,,,,,,,,
1334,3,골목상권,2110093,우사단길,28,2.0,,,,1.0,,,,
1335,3,골목상권,2110056,신당역 3번,24,5.0,1.0,,,,,,,
1336,3,발달상권,2120034,중구청(퇴계로4가),13,1.0,2.0,,,,,,,
1337,3,발달상권,2120035,퇴계로5가,10,2.0,1.0,,,,,,,
1338,3,발달상권,2120027,명동역(명동재미로),46,1.0,2.0,2.0,,,,,,
1339,3,발달상권,2120023,서울시청,47,3.0,9.0,,,,,,,
1340,3,발달상권,2120009,종로3가역,163,7.0,6.0,,,,,,,
1341,3,골목상권,2110014,경복고등학교,9,3.0,,,,,,,,
1342,3,전통시장,2130148,방학동도깨비시장,10,,,,,,,,,
1343,3,골목상권,2110109,금호삼성래미안아파트,10,,,,,,,,,
1344,3,전통시장,2130068,마장축산물시장,16,2.0,1.0,,,,,,,
1345,3,골목상권,2110392,발바닥공원,6,,,,,,,,,
1346,3,발달상권,2120094,"신촌역(신촌역, 신촌로터리)",201,3.0,6.0,,1.0,,,,,
1347,3,전통시장,2130110,면목골목시장(면목시장),22,,1.0,,,1.0,,,,
1348,3,골목상권,2110085,경리단길남측,26,5.0,4.0,,,,,,,
1349,3,골목상권,2111062,둔촌동역 3번(성내3동주민센터),11,,,,,,,,,
1350,3,골목상권,2111056,천호태영아파트,9,,,,,,,,,
1351,3,골목상권,2111005,삼전역 3번,13,,,,,,,,,
1352,3,골목상권,2111047,마천1치안센터,12,1.0,,,,,,,,
1353,3,전통시장,2130317,마천중앙시장,9,,,,,,,,,
1354,3,골목상권,2111042,거여역 1번(거여공원),16,1.0,,,,,,,,
1355,3,골목상권,2110606,신한은행 신월동지점,20,,1.0,,,,,,,
1356,3,골목상권,2110400,도봉구보건소,19,2.0,,,,,,,,
1357,3,골목상권,2110002,독립문역 1번,18,2.0,,,,,,,,
1358,3,발달상권,2120065,회기역,37,,,,,,,,,
1359,3,발달상권,2120083,등나무근린공원,33,1.0,2.0,,,,,,,
1360,3,골목상권,2110212,답십리초등학교,25,,,,,,,,,
1361,3,발달상권,2120203,강남구청역,88,2.0,5.0,,,,,,,
1362,3,골목상권,2110909,남태령역(서울전자고등학교),2,,,,,,,,,
1363,3,발달상권,2120222,삼성역,88,3.0,15.0,,1.0,,,,,
1364,3,발달상권,2120180,양재화물트럭터미널앞,8,,2.0,,,,,,,
1365,3,전통시장,2130273,남성사계시장(남성시장),39,,1.0,,,,,,,
1366,3,전통시장,2130271,남성역골목시장,28,,1.0,,,,,,,
1367,3,발달상권,2120173,교대역(법원.검찰청),175,1.0,13.0,,,,,,,
1368,3,발달상권,2120133,서울시흥동우체국(홈플러스시흥점),30,2.0,2.0,,,,,,,
1369,3,골목상권,2110736,독산119안전센터,13,,,,,,,,,
1370,3,골목상권,2110681,온수역 1번,20,,,,,,,,,
1371,3,골목상권,2110717,남구로역 2번,37,2.0,,,,,,,,
1372,3,골목상권,2110711,구로초등학교,14,,1.0,,,1.0,,,,
1373,3,전통시장,2130216,화곡중앙시장,17,,1.0,,,,,,,
1374,3,골목상권,2110640,방화역 1번,25,5.0,,,,,,,,
1375,3,골목상권,2110639,신방화역 8번,5,,,,,,,,,
1376,3,골목상권,2110697,개봉3동주민센터,7,,,,,,,,,
1377,3,골목상권,2110712,남구로역 5번,27,,,,,,,,,
1378,3,골목상권,2110679,염창역 2번,10,,,,,,,,,
1379,3,골목상권,2110676,등촌역 7번,2,,,,,,,,,
1380,3,골목상권,2110635,공항시장역 3번,18,,,,,,,,,
1381,3,골목상권,2110625,신정2동주민센터,24,3.0,,,,,,,,
1382,3,골목상권,2110596,서서울호수공원,3,,,,,,,,,
1383,3,전통시장,2130205,신곡종합시장(신월6동 골목시장),15,,1.0,,,,,,,
1384,3,골목상권,2110595,메디힐병원,21,3.0,,,,,,,,
1385,3,골목상권,2110626,양화초등학교,7,,,,,,,,,
1386,3,발달상권,2120087,응암역,25,1.0,,,,,,,,
1387,3,골목상권,2110472,연신내역 4번,14,,,,,,,,,
1388,3,골목상권,2110464,연신내역 5번,10,1.0,,,,,,,,
1389,3,골목상권,2110458,선일여고,17,,,,,,,,,
1390,3,발달상권,2120090,연신내역,98,,5.0,,,,,,,
1391,3,발달상권,2120196,서울세관,36,4.0,5.0,,,,,,,
1392,3,전통시장,2130130,수유북부골목시장,1,,,,,1.0,,,,
1393,3,골목상권,2111065,천일초등학교,1,,,,,,,,,
1394,3,골목상권,2111025,경찰병원역 3번,1,,,,,,,,,
1395,3,골목상권,2110925,서초중학교,2,,,,,,,,,
1396,3,골목상권,2110650,우장산힐스테이트,5,,,,,,,,,
1397,3,골목상권,2110772,신우어린이공원,2,,,,,,,,,
1398,3,전통시장,2130151,신도봉시장,1,,,,,1.0,,,,
1399,3,골목상권,2110141,건대입구역 1번,3,,,,,,,,,
1400,3,골목상권,2110982,강남구보훈회관,1,,,,,,,,,
1401,3,골목상권,2110723,가산디지털단지역 1번 출입구,4,,,,,,,,,
1402,3,골목상권,2110181,신설동역 9번,6,1.0,1.0,,,,,,,
1403,3,골목상권,2110796,한림대학교한강성심병원,1,,,,,,,,,
1404,3,골목상권,2110816,대방역 6번,8,1.0,,,,,,,,
1405,3,골목상권,2110540,망원나들목체육관,1,,,,,,,,,
1406,3,전통시장,2130075,노룬산시장(노룬산골목시장),6,,,,,1.0,,,,
1407,3,발달상권,2120163,사당역 11번(사당역먹자골목),2,1.0,,,,,,,,
1408,3,골목상권,2110722,G타워,5,,,,,,,,,
1409,3,골목상권,2110208,시조사삼거리,6,,,,,,,,,
1410,3,골목상권,2110027,혜화역 1번,5,,,1.0,,,,,,
1411,3,전통시장,2130101,답십리현대시장,5,,,,,2.0,,,,
1412,3,발달상권,2120176,논현역 4번,4,1.0,,,,,,,,
1413,3,골목상권,2110900,낙성대역 1번(관악구민 종합체육센터),7,,,,,1.0,,,,
1414,3,골목상권,2110793,대림썬프라자,4,,,,,2.0,,,,
1415,3,전통시장,2130197,마포시장,2,,,,,1.0,,,,
1416,3,골목상권,2110563,상수역 3번,2,,,,,,,,,
1417,3,골목상권,2110363,송천동주민센터,5,2.0,,,,,,,,
1418,3,골목상권,2110306,미아초등학교,4,,,,,,,,,
1419,3,골목상권,2110271,신내역 1번,3,,,,,,,,,
1420,3,전통시장,2130054,황학동주방가구거리상점가,7,,,,,,,,,
1421,3,전통시장,2130043,제일평화시장,3,,1.0,,,1.0,,,,
1422,3,전통시장,2130015,창신골목시장,10,1.0,1.0,,,,,,,
1423,3,골목상권,2110980,개포지구대옆,1,,,,,,,,,
1424,3,골목상권,2111036,투구봉어린이공원,4,,,,,,,,,
1425,3,골목상권,2110851,경문고등학교(동작동성당),7,,,,,,,,,
1426,3,골목상권,2110829,장승배기역 5번,5,1.0,,,,,,,,
1427,3,골목상권,2110644,신광명마을,5,,,,,,,,,
1428,3,골목상권,2110609,신정네거리역 2번,3,,,,,,,,,
1429,3,전통시장,2130170,제일시장,21,,1.0,,,,,,,
1430,3,전통시장,2130169,대조시장,21,1.0,,,,,,,,
1431,3,골목상권,2110248,먹골파출소,3,1.0,,,,,,,,
1432,3,전통시장,2130147,쌍문역동측상점가,11,,1.0,,,,,,,
1433,3,전통시장,2130002,세종마을음식문화거리(금천교시장),20,,,,,,,,,
1434,3,골목상권,2110956,언주역 8번,2,,,,,,,,,
1435,3,골목상권,2110878,미림여고,5,1.0,,,,,,,,
1436,3,전통시장,2130280,신림종합시장,1,,,,,1.0,,,,
1437,3,전통시장,2130244,대림중앙시장,2,,,,,,,,,
1438,3,골목상권,2110557,홍대부속여중고앞,15,,,,,,,,,
1439,3,골목상권,2110541,동교초등학교,14,1.0,,,,,,,,
1440,3,골목상권,2110525,홍은종합사회복지관,10,1.0,,,,,,,,
1441,3,골목상권,2110401,도봉구민회관,8,2.0,1.0,,,,,,,
1442,3,골목상권,2110293,삼선중학교,7,,,,,,,,,
1443,3,골목상권,2110295,정릉우체국,18,1.0,1.0,,,,,,,
1444,3,골목상권,2110259,사가정역 1번,16,,,,,,,,,
1445,3,골목상권,2110246,월드순복음교회,7,,,,,,,,,
1446,3,골목상권,2110077,삼광초등학교,5,,,,,,,,,
1447,3,발달상권,2120025,롯데백화점(시청광장 지하쇼핑센터),19,,2.0,,1.0,,,,,
1448,3,골목상권,2110091,리움미술관,3,3.0,,,,,,,,
1449,3,골목상권,2110111,대현산장미원,5,,,,,,,,,
1450,3,골목상권,2110063,효창공원앞역 5번,20,,,,,,,,,
1451,3,골목상권,2111051,천호역 6번,6,1.0,,,,,,,,
1452,3,골목상권,2111080,굽은다리역 3번,13,1.0,,,,,,,,
1453,3,골목상권,2111014,송파나루역 2번,3,,,,,,,,,
1454,3,골목상권,2111087,고덕중학교(고덕2동주민센터),6,1.0,,,,,,,,
1455,3,골목상권,2110753,시흥동 은행나무사거리,26,1.0,,,,,,,,
1456,3,골목상권,2110715,구로구민회관,8,,,,,,,,,
1457,3,골목상권,2110940,양재근린공원(양재2동주민센터),2,,,,,,,,,
1458,3,골목상권,2110678,염창무학아파트,6,,,,,,,,,
1459,3,골목상권,2110614,목동로데오거리,3,,,,,,,,,
1460,3,골목상권,2110615,신서초등학교,3,1.0,,,,,,,,
1461,3,골목상권,2110491,불광중학교,7,,,,,,,,,
1462,3,전통시장,2130248,영등포역지하도상점가,11,1.0,,,,,,,,
1463,3,골목상권,2110073,삼각지역 3번,5,,,,,,,,,
1464,3,골목상권,2110419,수락산디자인거리,22,1.0,,,,,,,,
1465,3,골목상권,2110216,전농중학교,12,,,,,,,,,
1466,3,골목상권,2110016,평창동동측,39,2.0,1.0,1.0,,,,,,
1467,3,골목상권,2110960,은광여고,3,,,,,,,,,
1468,3,골목상권,2111086,한영중고,11,,,,,,,,,
1469,3,골목상권,2110672,백석중학교,1,,,,,,,,,
1470,3,골목상권,2110394,방학중학교,12,2.0,,,,,,,,
1471,3,발달상권,2120168,서울고교교차로,14,1.0,2.0,,,,,,,
1472,3,골목상권,2110405,방학역 1번,23,,1.0,,,,,,,
1473,3,골목상권,2110257,상봉역 7번,11,2.0,,,,,,,,
1474,3,발달상권,2120067,장안동사거리,92,1.0,3.0,,,,,,,
1475,3,발달상권,2120206,개나리아파트,45,2.0,4.0,,,,,,,
1476,3,골목상권,2110437,당고개역 2번,18,1.0,,,,,,,,
1477,3,발달상권,2120218,코엑스,22,,6.0,,,,,,,
1478,3,발달상권,2120220,대치역,72,1.0,8.0,,,,,,,
1479,3,발달상권,2120211,도성초등학교,27,,1.0,1.0,,,,,,
1480,3,전통시장,2130149,창동신창시장,12,1.0,,,,,,,,
1481,3,전통시장,2130290,영림시장,30,1.0,1.0,,,1.0,,,,
1482,3,전통시장,2130276,신림중앙시장(조원동 펭귄시장),4,,,,,1.0,,,,
1483,3,골목상권,2110885,영락고등학교,18,,,,,,,,,
1484,3,발달상권,2120160,사당역(사당),83,2.0,4.0,1.0,,,,,,
1485,3,전통시장,2130295,인헌시장(원당종합시장),18,1.0,,,,1.0,,,,
1486,3,골목상권,2110795,도림초등학교,10,1.0,,,,,,,,
1487,3,골목상권,2110589,애오개역 3번,11,,1.0,,,,,,,
1488,3,전통시장,2130246,영등포청과시장(조광시장),13,,,,,,,,,
1489,3,전통시장,2130185,망원월드컵시장,13,,,,,,,,,
1490,3,골목상권,2110555,홍익지구대,6,,,,,,,,,
1491,3,골목상권,2110854,조원동주민센터,5,2.0,,,,,,,,
1492,3,골목상권,2110511,연희초등학교,13,,,,,,,,,
1493,3,골목상권,2110571,신수동주민센터,8,2.0,,,,,,,,
1494,3,골목상권,2110578,대흥역 2번,20,4.0,,,,,,,,
1495,3,골목상권,2110502,남가좌파출소,23,1.0,1.0,,,,,,,
1496,3,골목상권,2110778,구로디지털단지역 4번,32,1.0,1.0,,,,,,,
1497,3,발달상권,2120105,상수역(홍대),28,2.0,1.0,3.0,,,,,,
1498,3,골목상권,2110550,합정역 8번,16,,,,,,,,,
1499,3,골목상권,2110374,송중초등학교,22,1.0,,,,,,,,
1500,3,전통시장,2130132,삼양골목시장(삼양시장),31,1.0,,,,,,,,
1501,3,골목상권,2110335,석계역 7번,37,4.0,1.0,,,,,,,
1502,3,발달상권,2120071,성북구청,14,,,1.0,,,,,,
1503,3,골목상권,2110329,우리은행체육관,8,,,,,,,,,
1504,3,골목상권,2110321,동덕여대,5,1.0,,,,,,,,
1505,3,전통시장,2130121,길음시장,4,,2.0,,,1.0,,,,
1506,3,골목상권,2110322,장위1동주민센터,16,,1.0,,,,,,,
1507,3,골목상권,2110299,정릉역 1번,23,,,,,,,,,
1508,3,골목상권,2110313,안암역 3번,23,,2.0,1.0,,,,,,
1509,3,골목상권,2110249,중화역 1번,22,,,,,,,,,
1510,3,골목상권,2110275,하나은행 망우동지점,10,,1.0,,,1.0,,,,
1511,3,골목상권,2110356,덕수교,8,,,,,,,,,
1512,3,골목상권,2110307,길음역 7번,27,,2.0,,,,,,,
1513,3,골목상권,2110252,장안제일시장,16,,1.0,,,2.0,,,,
1514,3,골목상권,2110180,광진정보도서관,11,1.0,1.0,,,,,,,
1515,3,골목상권,2110175,푸른동산공원,8,,,,,,,,,
1516,3,골목상권,2110247,먹골역 1번,21,2.0,,,,,,,,
1517,3,골목상권,2110244,중화역 4번,18,,1.0,,,1.0,,,,
1518,3,골목상권,2110152,중곡어린이공원,6,,,,,,,,,
1519,3,골목상권,2110256,면목2동체육관,36,,,,,7.0,,,,
1520,3,골목상권,2110057,황학코아루아파트,14,,,,,,,,,
1521,3,발달상권,2120051,뚝섬역,39,1.0,3.0,1.0,,,,,,
1522,3,골목상권,2110089,서빙고동주민센터,4,1.0,,,,,,,,
1523,3,골목상권,2110048,장충동주민센터,11,2.0,1.0,,,,,,,
1524,3,골목상권,2110042,남산골공원옆,5,,,,,,,,,
1525,3,발달상권,2120043,서울역,101,4.0,7.0,,,,,,,
1526,3,관광특구,1001493,동대문패션타운 관광특구,149,3.0,12.0,,,3.0,17.0,,,
1527,3,발달상권,2120022,북창동(시청역_6번),45,3.0,3.0,,,,,,,
1528,3,전통시장,2130025,삼익패션타운(남대문시장),10,,1.0,,,,,,,
1529,3,골목상권,2110140,건대입구역 6번,24,,2.0,,,,,,,
1530,3,골목상권,2110162,군자역 4번,3,,,,,,,,,
1531,3,발달상권,2120055,군자역,93,2.0,6.0,,,,,,,
1532,3,발달상권,2120013,이화사거리,28,1.0,1.0,3.0,,,,,,
1533,3,전통시장,2130012,"동대문종합시장(동대문종합시장 신관, 동대문종합시장D동상가)",15,,4.0,,,3.0,,,,
1534,3,발달상권,2120047,한남오거리,46,3.0,6.0,,,1.0,,,,
1535,3,발달상권,2120139,대림3동사거리,43,1.0,4.0,1.0,,,,,,
1536,3,골목상권,2110092,NH농협은행 보광동지점,16,,1.0,,,,,,,
1537,3,발달상권,2120021,시청역_8번,53,,15.0,,,,,,,
1538,3,골목상권,2110065,남정초등학교,4,,,,,,,,,
1539,3,전통시장,2130319,성내전통시장,5,,,,,,,,,
1540,3,골목상권,2111063,강동구립 천호도서관,18,1.0,,,,,,,,
1541,3,발달상권,2120245,둔촌역,80,2.0,5.0,1.0,,,,,,
1542,3,골목상권,2110413,누원고등학교,12,1.0,1.0,,,,,,,
1543,3,골목상권,2111034,오동나무공원(송파레미니스1단지),9,,,,,,,,,
1544,3,발달상권,2120081,노원역,217,2.0,9.0,,,,,,,
1545,3,골목상권,2110184,용두사거리,8,,,,,,,,,
1546,3,발달상권,2120232,송파나루역,22,,1.0,,,,,,,
1547,3,골목상권,2110037,신설동역 12번,16,,,,,,,,,
1548,3,발달상권,2120182,"양재시민의숲역(양재동꽃시장, aT센터)",25,2.0,1.0,,,,,,,
1549,3,골목상권,2110906,서문여고,7,1.0,,,,,,,,
1550,3,골목상권,2110904,이수역 5번,7,,,,,,,,,
1551,3,발달상권,2120188,압구정역,213,,14.0,,1.0,,,,,
1552,3,전통시장,2130265,노량진중앙시장,3,,,,,,,,,
1553,3,골목상권,2110846,남성역 1번,34,4.0,,,,,,,,
1554,3,골목상권,2110837,숭실대입구역 1번,31,1.0,1.0,,,,,,,
1555,3,골목상권,2110621,목동역 5번,6,,,,,,,,,
1556,3,골목상권,2110754,삼성산자연공원(서울금천초등학교),16,1.0,,,,,,,,
1557,3,골목상권,2110849,이수역 10번,15,1.0,,,,1.0,,,,
1558,3,발달상권,2120134,구로전화국,40,,1.0,,,,,,,
1559,3,골목상권,2110752,한울중학교,30,,,,,,,,,
1560,3,골목상권,2110202,전농1동주민센터(전농시장),9,1.0,,,,,,,,
1561,3,골목상권,2110682,온수역 8번,14,,1.0,,,,,,,
1562,3,전통시장,2130225,개봉중앙시장,25,1.0,2.0,,,1.0,,,,
1563,3,발달상권,2120124,개봉동 현대아파트,66,4.0,2.0,,,1.0,,,,
1564,3,발달상권,2120130,구로디지털단지역,50,,1.0,,,,,,,
1565,3,발달상권,2120127,구로구청,22,1.0,3.0,,,,,,,
1566,3,발달상권,2120129,구로디지털단지,76,5.0,16.0,,,,,,,
1567,3,골목상권,2110664,강서구청옆,5,,,,,,,,,
1568,3,골목상권,2110668,화곡2동주민센터,21,2.0,,,,,,,,
1569,3,골목상권,2110667,가양역 10번,16,,,,,,,,,
1570,3,발달상권,2120119,발산역(마곡),105,,7.0,,,,,,,
1571,3,골목상권,2110665,곰달래도서관,15,1.0,,,,,,,,
1572,3,골목상권,2110645,우장산역 4번,29,2.0,,,,,11.0,,,
1573,3,골목상권,2110677,등촌역 1번,1,,,,,,,,,
1574,3,골목상권,2110633,개화산역 1번,8,,1.0,,,,,,,
